NAME,TEAM,GP,MIN,PTS,AST,OREB,DREB,REB,STL,BLK,TOV,PF,+/-,DD2,TD3,FGM,FGA,FG%,FG3M,FG3A,FG3%,FTM,FTA,FT%
Aaron Gordon,DEN,74,31.6,14.9,2.5,1.7,4.2,5.9,0.6,0.6,1.7,2.0,4.1,6,0,5.8,11.1,0.519,1.1,3.4,0.329,2.2,3.0,0.738
Aaron Henry,PHI,6,2.8,0.3,0.0,0.0,0.2,0.2,0.0,0.3,0.3,0.3,-3.3,0,0,0.2,0.8,0.2,0.0,0.2,0.0,0.0,0.0,0.0
Aaron Holiday,PHX,61,16.0,6.4,2.4,0.4,1.6,1.9,0.7,0.1,1.0,1.4,-0.4,0,0,2.4,5.2,0.465,0.6,1.6,0.4,0.9,1.1,0.862
Aaron Nesmith,BOS,50,10.9,3.8,0.4,0.3,1.4,1.7,0.4,0.1,0.6,1.3,0.8,0,0,1.4,3.5,0.406,0.6,2.2,0.278,0.4,0.5,0.792
Aaron Wiggins,OKC,50,24.2,8.3,1.4,1.0,2.5,3.6,0.6,0.2,1.1,1.9,-4.7,0,0,3.1,6.7,0.463,0.8,2.8,0.304,1.2,1.7,0.729
Abdel Nader,PHX,14,10.4,2.4,0.5,0.3,1.6,1.9,0.6,0.3,0.8,1.4,-0.1,0,0,0.9,2.5,0.343,0.3,1.0,0.286,0.4,0.7,0.6
Ade Murkey,SAC,1,1.5,0.0,0.0,0.0,0.0,0.0,0.0,0.0,0.0,0.0,-1.0,0,0,0.0,0.0,0.0,0.0,0.0,0.0,0.0,0.0,0.0
Admiral Schofield,ORL,37,12.1,3.7,0.7,0.5,1.8,2.3,0.1,0.1,0.6,1.5,-3.7,0,0,1.4,3.3,0.415,0.6,2.0,0.324,0.3,0.4,0.8
Ahmad Caver,IND,1,0.8,2.0,0.0,0.0,0.0,0.0,0.0,0.0,0.0,0.0,2.0,0,0,1.0,1.0,1.0,0.0,0.0,0.0,0.0,0.0,0.0
Al Horford,BOS,68,29.1,10.1,3.4,1.6,6.1,7.7,0.7,1.3,0.9,1.9,5.5,15,0,3.8,8.3,0.463,1.3,3.9,0.333,1.2,1.4,0.842
Alec Burks,NYK,79,28.4,11.7,2.9,0.6,4.3,4.9,1.1,0.3,1.1,2.6,1.0,2,0,3.5,9.0,0.393,1.9,4.8,0.406,2.7,3.3,0.823
Aleem Ford,ORL,5,14.7,2.8,0.4,0.4,2.6,3.0,0.2,0.0,0.8,1.4,-7.0,0,0,1.2,4.0,0.3,0.4,3.0,0.133,0.0,0.0,0.0
Aleksej Pokusevski,OKC,61,20.2,7.6,2.1,1.2,4.0,5.2,0.6,0.6,1.5,1.4,-0.7,5,1,3.0,7.5,0.408,0.9,3.2,0.289,0.6,0.8,0.7
Alex Caruso,CHI,41,28.0,7.4,4.0,0.8,2.8,3.6,1.7,0.4,1.4,2.6,2.7,1,0,2.5,6.2,0.398,1.0,3.1,0.333,1.4,1.8,0.795
Alex Len,SAC,39,15.9,6.0,1.2,1.3,2.8,4.1,0.3,0.6,1.1,2.6,-1.9,2,0,2.4,4.5,0.534,0.2,0.5,0.286,1.1,1.6,0.651
Alfonzo McKinnie,CHI,17,12.1,3.5,0.3,0.8,1.2,1.9,0.1,0.2,0.4,1.5,-3.2,0,0,1.4,3.6,0.393,0.5,1.6,0.333,0.1,0.5,0.25
Alize Johnson,NOP,23,7.3,1.8,0.4,1.2,1.4,2.7,0.2,0.0,0.5,0.8,-2.0,0,0,0.7,1.7,0.436,0.0,0.2,0.0,0.3,0.5,0.583
Alperen Sengun,HOU,70,20.3,9.5,2.5,2.0,3.5,5.5,0.8,1.0,2.0,2.9,-4.2,8,0,3.4,7.2,0.475,0.4,1.6,0.257,2.3,3.3,0.707
Amir Coffey,LAC,67,22.7,8.7,1.8,0.4,2.4,2.7,0.6,0.2,0.6,1.3,-1.3,0,0,3.0,6.6,0.446,1.3,3.6,0.365,1.5,1.7,0.861
Andre Drummond,BKN,71,19.6,7.7,1.8,3.1,6.1,9.2,1.1,0.9,1.6,2.6,0.5,16,0,3.3,5.8,0.559,0.0,0.0,0.0,1.2,2.3,0.516
Andre Iguodala,GSW,29,19.5,4.0,3.7,0.7,2.6,3.3,0.8,0.8,0.9,1.1,3.5,0,0,1.5,3.8,0.387,0.6,2.4,0.232,0.5,0.6,0.778
Andrew Wiggins,GSW,71,31.9,17.2,2.3,1.2,3.3,4.5,1.1,0.7,1.5,2.1,3.7,1,0,6.5,14.0,0.466,2.1,5.5,0.393,2.1,3.2,0.643
Anfernee Simons,POR,57,29.5,17.3,3.9,0.5,2.2,2.6,0.5,0.1,2.0,1.9,-1.5,2,0,6.2,14.0,0.443,3.1,7.8,0.405,1.8,2.0,0.888
Anthony Davis,LAL,40,35.1,23.2,3.1,2.7,7.2,9.9,1.2,2.3,2.1,2.4,-2.3,19,0,9.3,17.4,0.532,0.3,1.8,0.186,4.4,6.1,0.713
Anthony Edwards,MIN,70,34.4,21.1,3.8,0.9,4.0,4.8,1.5,0.7,2.7,2.3,2.6,4,0,7.6,17.3,0.438,3.0,8.3,0.358,3.0,3.8,0.784
Anthony Gill,WAS,42,10.2,4.0,0.5,0.7,1.1,1.8,0.1,0.3,0.3,1.3,2.0,0,0,1.4,2.3,0.588,0.3,0.6,0.542,1.0,1.2,0.8
Anthony Lamb,HOU,2,3.8,0.0,1.0,0.0,0.5,0.5,0.0,0.0,0.0,0.0,2.5,0,0,0.0,1.0,0.0,0.0,1.0,0.0,0.0,0.0,0.0
Armoni Brooks,TOR,52,15.6,5.4,1.1,0.4,1.5,1.9,0.5,0.2,0.5,1.3,-1.4,0,0,1.9,5.4,0.344,1.4,4.7,0.302,0.3,0.4,0.842
Arnoldas Kulboka,CHA,1,2.7,0.0,0.0,0.0,0.0,0.0,0.0,0.0,0.0,0.0,-8.0,0,0,0.0,0.0,0.0,0.0,0.0,0.0,0.0,0.0,0.0
Austin Reaves,LAL,58,22.7,6.7,1.6,0.7,2.3,2.9,0.4,0.3,0.6,1.5,0.8,0,0,2.3,5.0,0.462,0.8,2.7,0.308,1.3,1.6,0.826
Austin Rivers,DEN,65,22.0,6.0,1.4,0.3,1.4,1.7,0.8,0.1,0.8,1.8,0.6,0,0,2.2,5.2,0.414,1.2,3.5,0.347,0.4,0.6,0.725
Avery Bradley,LAL,62,22.7,6.4,0.8,0.5,1.7,2.2,0.9,0.1,0.6,1.9,-2.9,0,0,2.4,5.6,0.423,1.3,3.4,0.39,0.3,0.3,0.889
Ayo Dosunmu,CHI,75,27.2,8.5,3.3,0.3,2.4,2.8,0.7,0.4,1.3,2.4,-2.8,4,0,3.5,6.8,0.517,0.9,2.4,0.371,0.6,0.9,0.681
BJ Johnson,ORL,4,16.1,6.5,0.0,1.5,2.3,3.8,0.0,0.3,0.0,1.0,-3.0,0,0,2.8,6.3,0.44,1.0,2.5,0.4,0.0,0.0,0.0
Bam Adebayo,MIA,55,32.6,19.0,3.4,2.5,7.7,10.1,1.4,0.8,2.7,3.1,5.3,27,0,7.2,13.0,0.557,0.0,0.1,0.0,4.5,6.0,0.752
Ben McLemore,POR,61,19.8,10.1,0.9,0.2,1.4,1.6,0.6,0.2,0.8,1.6,-4.8,0,0,3.3,8.5,0.392,2.3,6.6,0.356,1.1,1.3,0.84
Bismack Biyombo,PHX,35,13.7,5.6,0.6,1.7,2.8,4.5,0.3,0.7,0.7,1.9,1.5,6,0,2.3,3.9,0.587,0.0,0.0,0.0,1.0,1.9,0.515
Blake Griffin,BKN,56,17.1,6.4,1.9,1.1,3.0,4.1,0.5,0.3,0.6,1.7,-1.7,1,0,2.4,5.6,0.425,0.7,2.6,0.262,1.0,1.4,0.724
Boban Marjanovic,DAL,21,5.1,4.1,0.1,0.3,1.1,1.5,0.0,0.1,0.5,1.0,1.2,0,0,1.8,2.9,0.607,0.0,0.1,0.333,0.5,1.0,0.55
Bobby Portis,MIL,70,28.3,14.7,1.2,2.5,6.6,9.1,0.7,0.7,1.3,2.4,4.0,24,0,5.8,12.1,0.479,1.9,4.7,0.393,1.2,1.6,0.752
Bogdan Bogdanovic,ATL,61,29.3,14.9,3.0,0.5,3.4,3.9,1.0,0.2,1.1,2.1,2.8,0,0,5.4,12.5,0.432,2.7,7.2,0.367,1.5,1.7,0.858
Bojan Bogdanovic,UTA,68,30.9,18.0,1.8,0.9,3.4,4.3,0.5,0.0,1.7,1.7,3.6,3,0,6.1,13.4,0.456,2.6,6.7,0.389,3.2,3.8,0.855
Bol Bol,ORL,14,5.8,2.4,0.4,0.3,1.1,1.4,0.1,0.1,0.3,0.3,0.4,0,0,1.1,1.9,0.556,0.1,0.3,0.25,0.1,0.4,0.4
Bones Hyland,DEN,67,18.9,9.9,2.7,0.2,2.5,2.7,0.6,0.3,1.2,2.2,0.2,1,0,3.3,8.2,0.4,1.9,5.1,0.363,1.5,1.8,0.85
Brad Wanamaker,WAS,23,13.9,3.6,2.4,0.3,1.4,1.7,0.3,0.3,1.0,2.0,-1.9,0,0,1.2,3.3,0.364,0.2,0.7,0.235,1.0,1.1,0.92
Bradley Beal,WAS,40,36.0,23.2,6.6,1.0,3.8,4.7,0.9,0.4,3.4,2.4,-2.6,4,0,8.7,19.3,0.451,1.6,5.3,0.3,4.2,5.1,0.833
Brandon Boston Jr.,LAC,50,14.4,6.5,0.9,0.3,1.8,2.1,0.5,0.2,0.6,0.8,-1.4,0,0,2.3,6.2,0.377,0.7,2.2,0.312,1.1,1.4,0.838
Brandon Clarke,MEM,62,19.6,10.2,1.3,2.1,3.3,5.4,0.6,1.1,0.5,2.0,2.5,4,0,4.4,6.9,0.635,0.1,0.4,0.227,1.4,2.1,0.656
Brandon Goodwin,CLE,34,14.5,5.0,2.6,0.4,1.6,2.0,0.7,0.0,1.0,1.1,-1.0,1,0,1.9,4.5,0.421,0.6,1.6,0.345,0.7,1.1,0.632
Brandon Ingram,NOP,55,34.0,22.7,5.6,0.6,5.2,5.8,0.6,0.5,2.7,2.2,2.2,7,0,8.2,17.9,0.461,1.3,4.1,0.327,4.8,5.9,0.826
Brandon Knight,DAL,5,12.9,6.4,1.6,0.0,1.6,1.6,0.2,0.0,0.8,1.0,-1.2,0,0,2.0,5.0,0.4,0.8,3.4,0.235,1.6,1.6,1.0
Brandon Williams,POR,21,27.0,13.6,3.9,0.9,2.3,3.2,1.0,0.4,2.4,2.1,-9.8,2,0,4.6,12.0,0.381,1.4,4.7,0.303,3.0,4.3,0.7
Braxton Key,DET,9,17.3,6.9,0.7,1.2,3.3,4.6,0.9,1.1,0.9,2.6,3.4,0,0,2.9,6.6,0.441,0.6,1.7,0.333,0.6,1.1,0.5
Brodric Thomas,BOS,11,4.7,1.6,0.7,0.2,0.5,0.7,0.0,0.1,0.5,0.5,0.5,0,0,0.6,1.5,0.438,0.1,0.7,0.125,0.3,0.5,0.6
Brook Lopez,MIL,11,23.1,11.7,0.5,1.3,2.5,3.8,0.7,1.2,1.0,2.8,-1.8,0,0,4.3,9.5,0.452,1.4,4.1,0.333,1.8,2.1,0.87
Bruce Brown,BKN,70,24.2,8.7,2.0,1.4,3.3,4.7,1.0,0.7,0.7,2.4,-0.7,0,0,3.5,6.9,0.503,0.5,1.3,0.398,1.3,1.7,0.748
Bruno Fernando,HOU,30,5.1,2.9,0.2,0.6,1.2,1.8,0.0,0.4,0.5,0.8,-1.1,2,0,1.2,1.8,0.655,0.0,0.1,0.5,0.5,0.8,0.625
Bryn Forbes,DEN,74,16.9,8.6,1.0,0.1,1.1,1.2,0.3,0.1,0.7,1.3,0.4,0,0,3.0,7.1,0.429,1.6,3.8,0.412,1.0,1.1,0.9
Buddy Hield,IND,79,30.8,15.6,2.8,0.8,3.6,4.4,0.9,0.3,1.9,2.3,-1.9,1,0,5.5,13.5,0.408,3.2,8.8,0.366,1.4,1.6,0.87
CJ Elleby,POR,55,19.6,5.6,1.5,1.1,2.8,3.9,0.6,0.3,0.9,2.0,-5.1,0,0,1.9,5.1,0.382,0.6,2.1,0.289,1.1,1.5,0.72
CJ McCollum,NOP,59,35.3,22.6,5.1,0.9,3.6,4.5,1.1,0.4,2.1,2.0,-1.0,3,0,8.8,19.1,0.463,3.0,7.6,0.388,1.9,2.7,0.704
CJ Miles,BOS,1,2.0,0.0,0.0,0.0,0.0,0.0,0.0,0.0,0.0,1.0,-5.0,0,0,0.0,0.0,0.0,0.0,0.0,0.0,0.0,0.0,0.0
Cade Cunningham,DET,63,32.5,17.5,5.5,0.9,4.6,5.5,1.2,0.7,3.6,3.1,-3.8,10,2,6.7,16.1,0.418,1.8,5.7,0.318,2.2,2.6,0.843
Caleb Martin,MIA,59,22.8,9.2,1.1,1.2,2.6,3.8,1.0,0.5,0.8,1.8,2.5,1,0,3.5,6.8,0.509,1.1,2.6,0.417,1.2,1.6,0.761
Cam Reddish,NYK,49,20.7,10.1,1.0,0.5,1.6,2.1,1.0,0.3,1.2,1.2,-4.4,0,0,3.4,8.3,0.404,1.3,3.8,0.359,2.1,2.3,0.902
Cam Thomas,BKN,65,17.9,8.7,1.2,0.2,2.2,2.5,0.5,0.1,0.8,1.0,-2.1,0,0,3.3,7.7,0.432,0.7,2.6,0.267,1.3,1.6,0.835
Cameron Johnson,PHX,64,26.3,12.6,1.5,0.6,3.5,4.1,0.9,0.2,0.7,1.8,3.6,0,0,4.3,9.3,0.459,2.6,6.0,0.429,1.5,1.7,0.856
Cameron McGriff,POR,3,15.3,4.7,1.0,2.0,3.0,5.0,0.0,0.3,0.0,2.3,2.7,0,0,1.7,4.7,0.357,0.7,2.0,0.333,0.7,0.7,1.0
Cameron Oliver,ATL,2,21.7,11.5,1.5,1.0,2.0,3.0,0.5,0.5,0.0,2.5,-1.0,0,0,5.0,7.5,0.667,0.5,1.5,0.333,1.0,1.5,0.667
Cameron Payne,PHX,58,22.0,10.8,4.9,0.4,2.6,3.0,0.7,0.3,1.8,2.1,2.6,3,0,4.1,10.1,0.409,1.2,3.6,0.336,1.3,1.5,0.843
Caris LeVert,CLE,56,30.7,17.2,4.3,0.8,3.0,3.8,0.9,0.4,1.9,2.2,-1.7,1,0,6.6,14.9,0.444,1.5,4.5,0.328,2.5,3.3,0.754
Carlik Jones,DEN,5,4.7,0.8,1.0,0.2,0.4,0.6,0.2,0.0,0.6,0.0,-4.0,0,0,0.2,1.8,0.111,0.0,0.2,0.0,0.4,0.4,1.0
Carmelo Anthony,LAL,69,26.0,13.3,1.0,0.9,3.3,4.2,0.7,0.8,0.9,2.4,-1.3,1,0,4.6,10.5,0.441,2.2,5.8,0.375,1.9,2.3,0.83
Carsen Edwards,DET,2,20.2,6.5,4.5,0.5,1.0,1.5,1.0,0.0,1.0,1.5,-1.5,0,0,2.5,8.5,0.294,1.0,4.0,0.25,0.5,0.5,1.0
Cassius Stanley,DET,9,17.2,5.8,0.4,0.6,1.6,2.1,0.6,0.2,0.7,1.9,-1.7,0,0,2.1,5.1,0.413,0.4,1.9,0.235,1.1,1.1,1.0
Cassius Winston,WAS,5,5.4,2.0,1.0,0.0,0.0,0.0,0.0,0.0,0.2,1.4,-0.8,0,0,0.6,1.2,0.5,0.4,1.0,0.4,0.4,0.4,1.0
Cat Barber,ATL,3,4.3,0.0,1.0,0.3,0.7,1.0,0.0,0.0,0.3,0.3,3.7,0,0,0.0,1.3,0.0,0.0,0.0,0.0,0.0,1.3,0.0
Cedi Osman,CLE,64,22.0,10.7,2.0,0.4,1.8,2.2,0.8,0.2,1.0,1.9,-1.0,0,0,3.7,8.7,0.428,2.0,5.5,0.356,1.3,2.0,0.661
Chandler Hutchison,PHX,6,3.7,0.7,0.3,0.0,0.8,0.8,0.0,0.0,0.7,0.2,2.5,0,0,0.2,0.3,0.5,0.0,0.0,0.0,0.3,0.3,1.0
Charles Bassey,PHI,23,7.3,3.0,0.3,1.0,1.7,2.7,0.2,0.7,0.3,1.4,-1.5,1,0,1.3,2.0,0.638,0.0,0.2,0.0,0.4,0.5,0.75
Charlie Brown Jr.,PHI,22,8.1,1.4,0.3,0.6,0.8,1.5,0.5,0.2,0.2,0.8,-1.0,0,0,0.5,1.8,0.256,0.0,0.5,0.083,0.4,0.5,0.9
Chaundee Brown Jr.,ATL,5,20.7,6.2,0.8,0.2,3.0,3.2,0.4,0.0,0.2,1.4,-4.0,0,0,2.0,6.4,0.313,1.2,3.6,0.333,1.0,1.2,0.833
Cheick Diallo,DET,3,10.2,3.7,0.0,1.3,2.7,4.0,0.3,0.0,0.3,2.0,-11.0,0,0,1.0,2.7,0.375,0.0,0.0,0.0,1.7,2.0,0.833
Chimezie Metu,SAC,58,21.2,8.9,1.0,0.6,4.9,5.5,0.8,0.5,1.0,1.6,-2.6,6,0,3.4,7.5,0.452,0.9,3.1,0.302,1.2,1.5,0.775
Chris Boucher,TOR,77,21.0,9.4,0.3,2.3,4.0,6.2,0.6,0.9,0.5,2.2,2.5,10,0,3.4,7.2,0.468,0.8,2.8,0.295,1.8,2.3,0.767
Chris Chiozza,GSW,34,10.9,2.0,1.9,0.3,0.8,1.1,0.4,0.0,0.9,0.9,-1.4,0,0,0.7,2.4,0.296,0.5,1.6,0.321,0.1,0.1,0.667
Chris Duarte,IND,55,28.0,13.1,2.1,0.7,3.4,4.1,1.0,0.2,1.6,1.7,-1.0,0,0,4.9,11.3,0.432,1.7,4.6,0.369,1.6,2.0,0.804
Chris Paul,PHX,64,32.8,14.7,10.7,0.3,4.0,4.3,1.9,0.3,2.3,2.0,6.9,33,2,5.6,11.3,0.491,1.0,3.1,0.318,2.6,3.1,0.835
Chris Silva,MIA,10,9.1,2.6,0.7,1.3,2.3,3.6,0.0,0.1,0.8,2.0,-2.9,0,0,0.8,1.5,0.533,0.0,0.0,0.0,1.0,1.2,0.833
Christian Wood,HOU,68,30.8,17.9,2.3,1.6,8.5,10.1,0.8,1.0,1.9,2.5,-6.0,33,0,6.5,12.9,0.501,1.9,4.9,0.39,3.0,4.9,0.623
Chuma Okeke,ORL,69,24.9,8.5,1.7,0.7,4.3,4.9,1.4,0.6,0.8,1.3,-4.5,3,0,3.0,8.1,0.374,1.6,5.2,0.315,0.8,0.9,0.846
Clint Capela,ATL,72,27.7,10.9,1.3,3.7,8.1,11.8,0.8,1.3,0.6,2.3,1.6,33,0,4.9,8.1,0.609,0.0,0.0,0.0,1.0,2.3,0.463
Coby White,CHI,60,27.3,12.6,2.9,0.3,2.7,3.0,0.5,0.2,1.1,2.2,-0.3,1,0,4.6,10.5,0.433,2.2,5.7,0.378,1.3,1.5,0.865
Cody Martin,CHA,69,26.3,7.7,2.5,1.1,2.9,4.0,1.2,0.4,0.9,1.6,-0.5,0,0,2.9,6.0,0.479,0.9,2.2,0.387,1.0,1.5,0.692
Cody Zeller,POR,27,13.1,5.2,0.8,1.9,2.8,4.6,0.3,0.2,0.7,2.1,-1.0,0,0,1.9,3.3,0.567,0.0,0.1,0.0,1.4,1.8,0.776
Cole Anthony,ORL,65,31.7,16.3,5.7,0.5,4.9,5.4,0.7,0.3,2.6,2.6,-3.6,9,0,5.5,14.0,0.391,2.0,6.0,0.338,3.3,3.9,0.854
Collin Sexton,CLE,11,28.8,16.0,2.1,1.2,2.1,3.3,0.9,0.0,2.8,2.3,-2.7,0,0,6.2,13.7,0.45,1.0,4.1,0.244,2.6,3.5,0.744
Corey Kispert,WAS,75,23.3,8.1,1.1,0.7,2.0,2.7,0.5,0.3,0.7,1.2,0.8,0,0,3.0,6.6,0.451,1.4,4.1,0.345,0.7,0.8,0.867
Cory Joseph,DET,65,24.6,8.0,3.6,0.4,2.2,2.7,0.6,0.3,1.3,2.3,-3.1,0,0,2.7,6.2,0.445,1.0,2.4,0.414,1.5,1.7,0.885
Craig Sword,WAS,3,6.3,2.0,0.3,0.0,0.0,0.0,1.3,0.0,0.3,2.3,0.3,0,0,1.0,1.3,0.75,0.0,0.3,0.0,0.0,0.0,0.0
D'Angelo Russell,MIN,65,31.9,18.1,7.1,0.4,2.9,3.3,1.0,0.3,2.5,2.0,3.2,12,0,6.2,15.0,0.411,2.7,8.0,0.34,3.0,3.7,0.825
D.J. Augustin,LAL,52,15.8,5.5,1.9,0.2,1.0,1.3,0.3,0.0,1.0,0.7,-3.1,0,0,1.8,4.0,0.438,1.3,3.0,0.435,0.7,0.8,0.872
D.J. Wilson,TOR,4,13.5,7.5,1.3,0.3,3.8,4.0,1.3,0.3,0.5,1.5,-4.0,0,0,2.8,3.8,0.733,0.0,0.5,0.0,2.0,2.5,0.8
DaQuan Jeffries,MEM,3,2.9,0.7,0.3,0.0,0.7,0.7,0.0,0.0,0.0,0.3,-1.0,0,0,0.3,0.7,0.5,0.0,0.3,0.0,0.0,0.0,0.0
Daishen Nix,HOU,23,10.8,3.2,1.7,0.3,1.1,1.3,0.7,0.0,1.0,0.9,-1.7,0,0,1.1,2.9,0.394,0.3,1.1,0.269,0.6,1.2,0.5
Dakota Mathias,MEM,6,2.7,1.0,0.2,0.0,0.3,0.3,0.2,0.0,0.0,0.2,-1.8,0,0,0.3,1.0,0.333,0.3,1.0,0.333,0.0,0.0,0.0
Dalano Banton,TOR,64,10.9,3.2,1.5,0.6,1.3,1.9,0.4,0.2,0.8,1.1,0.5,0,0,1.3,3.2,0.411,0.2,0.8,0.255,0.4,0.7,0.591
Damian Jones,SAC,54,17.7,7.8,1.2,1.4,3.0,4.4,0.4,0.8,1.0,2.3,-2.9,2,0,3.0,4.6,0.652,0.2,0.5,0.346,1.6,2.2,0.739
Damian Lillard,POR,29,36.4,24.0,7.3,0.4,3.7,4.1,0.6,0.4,2.9,1.3,-1.0,8,0,7.7,19.0,0.402,3.2,9.8,0.324,5.5,6.2,0.878
Damion Lee,GSW,60,20.1,7.5,1.0,0.4,2.8,3.2,0.6,0.1,0.6,1.6,1.3,0,0,2.7,6.2,0.442,1.0,3.1,0.337,1.0,1.2,0.873
Damyean Dotson,NYK,2,10.3,2.0,0.5,0.0,1.0,1.0,0.0,0.0,0.0,0.0,1.5,0,0,1.0,2.0,0.5,0.0,0.5,0.0,0.0,0.0,0.0
Daniel Gafford,WAS,70,19.9,9.4,1.0,2.2,3.5,5.7,0.4,1.4,0.9,2.3,-2.8,8,0,4.0,5.7,0.696,0.0,0.0,0.0,1.4,2.0,0.711
Daniel Oturu,TOR,3,9.1,3.0,0.0,0.3,1.3,1.7,0.0,0.7,0.0,0.3,-8.0,0,0,1.0,2.0,0.5,0.0,0.3,0.0,1.0,1.7,0.6
Daniel Theis,BOS,45,20.4,7.8,0.8,1.2,3.6,4.8,0.4,0.7,1.0,2.4,-2.3,3,0,3.1,6.0,0.509,0.7,2.3,0.291,1.0,1.5,0.682
Danilo Gallinari,ATL,64,25.2,11.5,1.5,0.5,4.2,4.7,0.4,0.2,0.5,1.4,1.9,2,0,3.9,9.0,0.43,1.6,4.4,0.375,2.2,2.4,0.903
Danny Green,PHI,59,21.5,5.6,0.9,0.5,2.0,2.4,0.9,0.6,0.7,1.6,1.0,0,0,1.9,5.1,0.386,1.6,4.3,0.369,0.2,0.2,0.833
Danuel House Jr.,UTA,40,16.9,5.8,1.1,0.4,2.1,2.6,0.5,0.4,0.8,1.3,0.7,0,0,1.9,4.6,0.408,1.1,2.8,0.391,1.0,1.2,0.792
Darius Bazley,OKC,69,27.9,10.8,1.4,1.0,5.3,6.3,0.8,1.0,1.3,1.0,-6.8,7,0,4.0,9.4,0.422,1.2,3.9,0.297,1.7,2.5,0.688
Darius Garland,CLE,66,35.8,21.7,8.7,0.6,2.8,3.4,1.3,0.1,3.7,1.7,5.2,29,1,8.0,17.3,0.461,2.5,6.7,0.379,3.2,3.6,0.89
Darren Collison,LAL,3,12.4,1.3,0.7,0.0,1.3,1.3,0.3,0.0,0.3,1.7,-4.7,0,0,0.7,2.3,0.286,0.0,1.0,0.0,0.0,0.0,0.0
David Duke Jr.,BKN,21,16.2,5.0,0.8,1.4,1.8,3.2,0.7,0.3,0.4,1.7,-0.4,2,0,1.9,5.1,0.361,0.4,1.8,0.243,0.8,1.0,0.81
David Johnson,TOR,2,1.0,0.0,0.0,0.0,0.0,0.0,0.0,0.0,0.0,0.0,-1.0,0,0,0.0,0.5,0.0,0.0,0.5,0.0,0.0,0.0,0.0
David Nwaba,HOU,45,13.2,5.1,0.8,0.9,2.4,3.3,0.6,0.4,0.5,1.2,-2.3,0,0,1.9,3.9,0.483,0.3,1.1,0.313,1.1,1.5,0.716
Davion Mitchell,SAC,73,27.4,11.2,4.0,0.5,1.8,2.2,0.8,0.3,1.5,1.9,-3.5,2,0,4.6,11.1,0.416,1.4,4.3,0.316,0.7,1.0,0.64
Davis Bertans,DAL,54,14.3,5.5,0.5,0.2,1.8,2.0,0.3,0.2,0.4,1.5,0.3,0,0,1.7,4.9,0.353,1.4,4.1,0.327,0.7,0.7,0.9
Davon Reed,DEN,46,13.6,4.2,1.0,0.3,1.9,2.2,0.5,0.2,0.3,1.3,-0.2,0,0,1.6,3.3,0.493,0.8,1.8,0.422,0.2,0.3,0.833
Day'Ron Sharpe,BKN,32,12.2,6.2,0.5,2.5,2.5,5.0,0.3,0.5,0.9,1.9,1.8,2,0,2.7,4.7,0.577,0.1,0.2,0.286,0.8,1.3,0.585
De'Aaron Fox,SAC,59,35.3,23.2,5.6,0.4,3.5,3.9,1.2,0.4,2.8,2.9,-3.3,5,0,8.7,18.5,0.473,1.3,4.2,0.297,4.4,5.9,0.75
De'Andre Hunter,ATL,51,29.8,13.4,1.3,0.5,2.9,3.4,0.7,0.4,1.3,2.9,-0.1,2,0,4.8,10.9,0.443,1.4,3.7,0.37,2.4,3.2,0.764
De'Anthony Melton,MEM,70,22.6,10.8,2.6,0.9,3.7,4.6,1.5,0.5,1.5,1.8,3.4,2,0,3.8,9.5,0.406,1.9,5.0,0.375,1.2,1.6,0.75
DeAndre Jordan,PHI,47,12.8,4.2,0.4,1.7,3.7,5.4,0.3,0.7,0.8,1.4,-2.8,0,0,1.9,2.9,0.642,0.0,0.0,0.0,0.5,0.8,0.579
DeAndre' Bembry,MIL,56,18.3,5.1,1.2,0.8,2.2,2.9,0.9,0.4,0.6,2.0,-0.5,0,0,2.2,3.9,0.561,0.3,0.6,0.417,0.4,0.6,0.6
DeJon Jarreau,IND,1,0.9,0.0,0.0,0.0,0.0,0.0,0.0,0.0,0.0,0.0,2.0,0,0,0.0,0.0,0.0,0.0,0.0,0.0,0.0,0.0,0.0
DeMar DeRozan,CHI,75,36.2,28.0,5.0,0.7,4.5,5.2,0.9,0.3,2.3,2.3,1.4,6,0,10.2,20.3,0.504,0.7,1.9,0.355,6.9,7.9,0.878
DeMarcus Cousins,DEN,46,15.0,9.0,1.4,1.5,4.2,5.7,0.7,0.4,1.8,2.9,1.1,2,0,3.1,6.9,0.456,0.8,2.6,0.297,1.9,2.5,0.761
Dean Wade,CLE,51,19.2,5.3,1.0,0.6,2.3,2.9,0.6,0.1,0.3,1.7,0.7,1,0,1.9,4.3,0.456,1.0,2.8,0.359,0.4,0.6,0.667
Deandre Ayton,PHX,57,29.4,17.2,1.4,2.5,7.7,10.2,0.7,0.7,1.6,2.4,5.8,29,0,7.6,11.9,0.638,0.1,0.3,0.353,1.9,2.5,0.746
Deividas Sirvydis,DET,3,8.9,1.0,0.3,0.0,2.0,2.0,1.0,0.3,0.0,1.3,-9.3,0,0,0.3,3.3,0.1,0.3,2.3,0.143,0.0,0.0,0.0
Dejounte Murray,SAS,67,34.8,21.2,9.3,1.2,7.2,8.4,2.0,0.3,2.7,2.0,0.8,39,13,8.5,18.3,0.463,1.4,4.3,0.33,2.8,3.6,0.788
Delon Wright,ATL,75,18.8,4.5,2.5,0.7,2.2,2.9,1.2,0.3,0.6,0.7,0.5,0,0,1.6,3.5,0.457,0.6,1.5,0.386,0.7,0.8,0.852
Deni Avdija,WAS,80,24.1,8.3,2.0,0.6,4.6,5.2,0.7,0.6,1.0,2.3,-0.4,3,0,3.0,7.0,0.432,1.0,3.1,0.32,1.3,1.7,0.756
Dennis Schroder,HOU,64,28.7,13.5,4.6,0.5,2.8,3.3,0.8,0.1,2.2,2.4,-0.5,1,0,4.9,11.3,0.431,1.3,3.9,0.344,2.5,2.9,0.853
Dennis Smith Jr.,POR,37,17.3,5.6,3.6,0.5,1.8,2.4,1.2,0.3,1.4,1.4,-3.7,0,0,2.1,5.1,0.418,0.2,0.7,0.222,1.1,1.7,0.656
Denzel Valentine,UTA,24,9.2,2.9,0.5,0.4,1.4,1.8,0.3,0.0,0.5,0.8,-1.1,0,0,1.0,2.8,0.379,0.8,2.0,0.404,0.0,0.0,0.0
Derrick Favors,OKC,39,16.7,5.3,0.6,1.5,3.2,4.7,0.4,0.3,0.2,1.6,-3.7,1,0,2.4,4.7,0.516,0.1,0.4,0.125,0.4,0.6,0.64
Derrick Jones Jr.,CHI,49,17.4,5.5,0.6,1.2,2.1,3.3,0.5,0.7,0.6,2.1,0.9,0,0,2.0,3.8,0.535,0.4,1.2,0.305,1.1,1.3,0.788
Derrick Rose,NYK,26,24.5,12.0,4.0,0.8,2.2,3.0,0.8,0.5,1.5,0.6,3.5,0,0,4.7,10.5,0.445,1.4,3.5,0.402,1.2,1.2,0.968
Derrick Walton Jr.,DET,3,36.1,6.3,7.0,0.7,2.7,3.3,2.3,1.3,3.7,2.7,-1.0,0,0,2.0,8.7,0.231,1.0,4.3,0.231,1.3,1.3,1.0
Derrick White,BOS,73,29.3,13.2,4.9,0.5,2.9,3.4,0.9,0.8,1.6,2.3,2.7,2,0,4.5,10.7,0.419,1.5,4.9,0.307,2.7,3.2,0.861
Desmond Bane,MEM,74,30.0,18.3,2.8,0.6,3.9,4.5,1.2,0.4,1.5,2.5,4.8,0,0,6.7,14.6,0.459,3.0,7.0,0.429,1.8,2.0,0.901
Devin Booker,PHX,67,34.4,26.7,4.9,0.7,4.4,5.0,1.1,0.4,2.4,2.6,6.8,5,0,9.7,20.8,0.465,2.7,7.1,0.383,4.6,5.3,0.866
Devin Cannady,ORL,4,27.8,8.8,2.0,0.3,1.3,1.5,1.3,0.8,1.3,2.0,-7.3,0,0,2.8,8.5,0.324,2.8,7.0,0.393,0.5,1.0,0.5
Devin Vassell,SAS,69,27.2,12.2,1.9,0.6,3.7,4.3,1.1,0.6,0.8,2.0,1.0,1,0,4.6,10.7,0.428,1.9,5.3,0.357,1.1,1.3,0.828
Devon Dotson,CHI,11,7.7,2.6,1.4,0.1,0.7,0.8,0.1,0.0,0.5,1.0,-0.2,0,0,1.0,2.1,0.478,0.2,0.8,0.222,0.5,0.8,0.556
Devontae Cacok,SAS,12,7.8,3.5,0.4,0.6,2.5,3.1,0.6,0.6,0.2,1.0,0.3,0,0,1.6,2.3,0.704,0.0,0.0,0.0,0.3,0.6,0.571
Devonte' Graham,NOP,74,28.7,12.0,4.1,0.5,1.9,2.4,0.9,0.2,1.4,1.3,0.7,0,0,3.9,10.9,0.363,2.6,7.5,0.342,1.5,1.8,0.843
Dewayne Dedmon,MIA,66,15.9,6.3,0.7,1.6,4.2,5.8,0.3,0.6,1.0,2.6,0.8,3,0,2.5,4.4,0.566,0.3,0.7,0.413,1.1,1.5,0.755
Didi Louzada,POR,6,11.0,2.7,0.5,0.7,1.0,1.7,0.2,0.2,0.2,0.8,-3.0,0,0,1.0,3.2,0.316,0.7,2.2,0.308,0.0,0.0,0.0
Dillon Brooks,MEM,30,27.8,18.5,2.7,1.0,2.3,3.3,1.2,0.2,1.6,3.3,6.8,0,0,7.1,16.5,0.428,1.4,4.7,0.303,2.9,3.5,0.846
Domantas Sabonis,SAC,62,34.4,18.9,5.2,3.2,8.9,12.1,1.0,0.4,3.1,3.3,-0.2,46,5,7.1,12.5,0.573,0.6,2.0,0.312,4.0,5.4,0.741
Donovan Mitchell,UTA,66,33.8,26.0,5.3,0.8,3.3,4.2,1.5,0.2,3.0,2.5,4.6,3,0,9.2,20.5,0.45,3.5,9.8,0.355,4.0,4.7,0.852
Donte DiVincenzo,SAC,40,23.9,8.8,2.8,1.0,3.1,4.1,1.2,0.2,1.7,1.6,-1.9,0,0,2.8,8.0,0.346,1.7,5.2,0.332,1.6,1.9,0.865
Dorian Finney-Smith,DAL,78,33.2,10.9,1.9,1.5,3.1,4.7,1.1,0.5,1.0,2.3,2.4,1,0,4.0,8.7,0.465,2.1,5.4,0.385,0.7,1.1,0.675
Doug McDermott,SAS,51,24.0,11.3,1.3,0.4,1.9,2.3,0.3,0.1,0.8,1.5,-0.7,0,0,4.2,9.1,0.462,2.1,5.0,0.422,0.8,1.0,0.784
Draymond Green,GSW,43,29.0,7.4,7.0,1.0,6.3,7.4,1.3,1.1,3.0,2.9,4.1,3,1,2.8,5.5,0.517,0.3,1.2,0.288,1.3,2.1,0.652
Drew Eubanks,POR,69,17.2,7.4,1.2,1.9,3.5,5.4,0.4,0.6,1.1,1.7,-4.1,7,0,3.0,5.0,0.59,0.1,0.3,0.238,1.4,1.8,0.754
Duane Washington Jr.,IND,46,20.1,9.6,1.8,0.1,1.7,1.8,0.5,0.1,1.2,1.4,-2.8,0,0,3.5,8.8,0.394,1.6,4.5,0.366,1.0,1.3,0.763
Duncan Robinson,MIA,77,26.0,11.0,1.6,0.3,2.2,2.5,0.5,0.2,0.8,2.6,1.6,0,0,3.7,9.2,0.399,2.9,7.9,0.372,0.7,0.8,0.836
Dwight Howard,LAL,58,15.9,5.9,0.5,1.9,3.9,5.8,0.6,0.6,0.8,1.9,-2.1,4,0,2.1,3.5,0.609,0.1,0.2,0.583,1.5,2.3,0.657
Dwight Powell,DAL,80,21.8,8.6,1.2,2.1,2.8,4.9,0.5,0.5,0.7,2.7,0.5,2,0,3.2,4.9,0.662,0.2,0.5,0.351,2.0,2.5,0.8
Dylan Windler,CLE,48,9.1,2.3,0.6,0.4,1.4,1.8,0.3,0.1,0.3,0.9,0.3,0,0,0.8,2.0,0.379,0.4,1.4,0.309,0.3,0.4,0.833
Ed Davis,CLE,30,6.7,0.9,0.2,0.5,1.7,2.1,0.1,0.3,0.2,1.1,0.5,0,0,0.4,0.5,0.688,0.0,0.0,0.0,0.2,0.5,0.429
Elfrid Payton,PHX,49,11.0,3.0,2.0,0.4,1.3,1.8,0.5,0.1,0.9,0.8,-0.7,0,0,1.3,3.5,0.382,0.1,0.4,0.222,0.2,0.7,0.375
Elijah Hughes,POR,33,11.4,3.4,0.6,0.2,1.4,1.5,0.4,0.2,0.4,1.1,-5.4,0,0,1.3,3.8,0.336,0.7,2.5,0.274,0.2,0.2,0.714
Emanuel Terry,PHX,3,6.1,0.0,0.7,2.7,2.3,5.0,0.3,0.0,1.7,1.3,-6.3,0,0,0.0,1.7,0.0,0.0,0.0,0.0,0.0,0.0,0.0
Emmanuel Mudiay,SAC,2,5.5,1.5,2.0,0.0,0.0,0.0,0.5,0.0,0.5,0.5,-3.5,0,0,0.0,1.0,0.0,0.0,0.0,0.0,1.5,2.0,0.75
Enes Freedom,BOS,35,11.8,3.7,0.2,1.7,2.8,4.6,0.1,0.4,0.6,1.2,2.0,2,0,1.5,2.8,0.526,0.1,0.1,0.4,0.7,0.8,0.857
Eric Bledsoe,POR,54,25.2,9.9,4.2,0.5,2.9,3.4,1.3,0.4,2.1,1.6,-0.7,2,0,3.6,8.7,0.421,0.9,3.0,0.313,1.6,2.2,0.761
Eric Gordon,HOU,57,29.3,13.4,2.7,0.3,1.7,2.0,0.5,0.3,1.9,1.1,-3.1,0,0,4.7,9.9,0.475,2.2,5.3,0.412,1.8,2.4,0.778
Eric Paschall,UTA,57,12.8,5.7,0.6,0.5,1.3,1.8,0.2,0.1,0.5,0.9,-0.5,0,0,1.9,4.0,0.483,0.7,1.9,0.37,1.1,1.5,0.774
Eugene Omoruyi,DAL,4,4.5,1.8,0.5,0.5,1.3,1.8,0.0,0.0,0.0,0.5,0.8,0,0,0.5,1.3,0.4,0.3,0.5,0.5,0.5,1.0,0.5
Evan Fournier,NYK,78,29.5,14.1,2.1,0.4,2.2,2.6,1.0,0.2,1.3,2.2,-1.5,0,0,5.1,12.1,0.419,3.0,7.7,0.392,1.0,1.4,0.712
Evan Mobley,CLE,67,33.9,14.9,2.5,2.0,6.2,8.3,0.8,1.6,2.0,2.2,1.1,20,0,6.1,12.0,0.506,0.3,1.4,0.253,2.4,3.6,0.664
Facundo Campazzo,DEN,63,18.6,5.2,3.4,0.4,1.5,1.9,1.0,0.4,1.0,2.0,-3.3,2,0,1.7,4.6,0.364,0.9,3.0,0.302,1.0,1.2,0.769
Frank Jackson,DET,51,22.1,10.7,1.1,0.4,1.3,1.6,0.5,0.2,0.7,1.7,-3.7,0,0,3.7,9.1,0.406,1.7,5.3,0.315,1.6,2.0,0.824
Frank Kaminsky,PHX,9,20.1,10.6,1.4,1.2,3.3,4.6,0.9,0.8,0.6,1.6,4.3,0,0,4.0,7.3,0.545,0.6,1.7,0.333,2.0,2.2,0.9
Frank Ntilikina,DAL,57,11.9,4.2,1.2,0.2,1.2,1.4,0.5,0.1,0.5,1.1,1.2,0,0,1.6,3.9,0.401,0.7,1.9,0.345,0.4,0.4,0.96
Franz Wagner,ORL,79,30.7,15.2,2.9,1.1,3.4,4.5,0.9,0.4,1.5,2.1,-3.1,2,0,5.8,12.3,0.468,1.2,3.4,0.354,2.4,2.8,0.863
Fred VanVleet,TOR,65,37.9,20.3,6.7,0.7,3.8,4.4,1.7,0.5,2.6,2.5,3.3,10,1,6.8,16.9,0.403,3.7,9.9,0.377,3.0,3.4,0.874
Freddie Gillespie,ORL,9,13.2,2.3,0.6,1.4,2.6,4.0,0.3,1.0,0.6,2.0,-3.2,0,0,1.0,2.4,0.409,0.0,0.1,0.0,0.3,0.8,0.429
Furkan Korkmaz,PHI,64,21.5,7.8,1.9,0.3,2.4,2.7,0.5,0.1,0.7,0.9,0.2,1,0,2.8,7.2,0.392,1.2,4.0,0.293,1.0,1.3,0.8
Gabe Vincent,MIA,66,23.6,8.7,3.2,0.3,1.5,1.9,0.9,0.2,1.5,2.3,1.6,0,0,3.2,7.6,0.414,1.7,4.8,0.363,0.7,0.8,0.815
Gabriel Deck,OKC,7,7.9,2.6,0.7,0.1,0.7,0.9,0.1,0.0,0.3,0.3,-2.0,0,0,1.1,2.0,0.571,0.3,0.6,0.5,0.0,0.0,0.0
Gabriel Lundberg,PHX,3,5.8,1.0,2.0,0.3,0.3,0.7,0.3,0.0,1.0,1.0,5.7,0,0,0.3,2.0,0.167,0.3,1.0,0.333,0.0,0.0,0.0
Garrett Temple,NOP,56,18.9,5.4,1.3,0.5,2.0,2.5,0.8,0.4,0.7,1.4,-5.9,0,0,1.9,5.0,0.383,1.0,3.1,0.32,0.5,0.7,0.683
Garrison Mathews,HOU,63,26.3,10.0,1.0,0.5,2.3,2.8,0.9,0.3,0.6,2.6,-3.4,0,0,2.8,7.2,0.395,2.1,6.0,0.355,2.2,2.7,0.797
Gary Clark,NOP,35,9.5,2.4,0.4,0.5,1.8,2.3,0.3,0.2,0.2,0.5,-0.4,0,0,0.8,2.2,0.355,0.7,1.8,0.381,0.2,0.2,0.75
Gary Harris,ORL,61,28.4,11.1,1.8,0.6,1.4,2.0,1.0,0.1,1.0,1.8,-3.4,0,0,3.9,9.1,0.434,1.9,5.0,0.384,1.4,1.6,0.874
Gary Payton II,GSW,68,17.4,7.0,0.9,1.0,2.4,3.4,1.4,0.3,0.6,1.9,2.5,1,0,3.0,4.8,0.613,0.6,1.7,0.364,0.5,0.8,0.589
Gary Trent Jr.,TOR,67,34.9,18.1,2.0,0.4,2.4,2.7,1.8,0.3,1.0,2.1,2.4,0,0,6.3,15.3,0.41,3.0,7.8,0.377,2.5,3.0,0.85
George Hill,MIL,52,23.5,6.2,2.3,0.7,2.2,2.9,0.8,0.1,0.8,1.3,5.8,0,0,2.2,5.1,0.427,0.8,2.5,0.31,1.0,1.1,0.915
George King,DAL,4,4.8,0.3,0.0,0.0,1.3,1.3,0.0,0.0,0.3,1.0,-6.8,0,0,0.0,1.3,0.0,0.0,1.0,0.0,0.3,0.5,0.5
Georges Niang,PHI,75,22.9,9.2,1.4,0.3,2.4,2.7,0.4,0.2,0.8,2.5,1.2,0,0,3.2,7.4,0.437,2.0,5.1,0.403,0.7,0.8,0.881
Georgios Kalaitzakis,OKC,11,10.9,4.0,0.3,0.5,0.5,1.0,0.5,0.2,1.2,1.1,-5.8,0,0,1.4,3.0,0.455,0.5,1.2,0.385,0.8,1.9,0.429
Giannis Antetokounmpo,MIL,65,32.9,29.9,5.8,2.0,9.6,11.6,1.0,1.4,3.3,3.2,5.8,44,4,10.3,18.6,0.554,1.1,3.6,0.298,8.2,11.4,0.72
Goga Bitadze,IND,50,14.6,7.0,1.1,1.6,2.0,3.5,0.4,0.8,0.9,2.1,-0.6,2,0,2.6,5.0,0.52,0.5,1.6,0.288,1.3,1.9,0.681
Goran Dragic,BKN,21,23.7,7.5,4.1,0.6,2.5,3.1,0.9,0.2,1.6,2.1,0.3,0,0,2.7,7.2,0.377,0.8,3.0,0.254,1.3,1.6,0.818
Gordon Hayward,CHA,49,31.9,15.9,3.6,0.8,3.8,4.6,1.0,0.4,1.7,1.7,-0.4,1,0,5.8,12.6,0.459,1.8,4.5,0.391,2.6,3.0,0.846
Gorgui Dieng,ATL,44,8.4,3.5,0.8,0.7,2.0,2.8,0.3,0.3,0.5,1.2,-1.4,0,0,1.2,2.5,0.473,0.7,1.5,0.426,0.4,0.6,0.731
Grant Williams,BOS,75,24.3,7.9,1.0,0.8,2.7,3.5,0.5,0.7,0.8,2.4,1.7,1,0,2.7,5.6,0.481,1.4,3.3,0.42,1.1,1.2,0.901
Grayson Allen,MIL,66,27.3,11.1,1.5,0.5,2.9,3.4,0.7,0.3,0.7,1.5,3.5,0,0,3.9,8.6,0.448,2.4,5.9,0.409,1.0,1.1,0.865
Greg Brown III,POR,45,12.7,4.8,0.6,0.8,1.9,2.7,0.6,0.5,0.6,1.9,-4.1,0,0,1.7,3.9,0.44,0.4,1.1,0.333,1.0,1.4,0.677
Greg Monroe,MIN,13,13.6,5.2,1.3,2.2,2.5,4.7,0.5,0.6,0.7,1.7,-0.2,0,0,2.2,3.8,0.571,0.0,0.0,0.0,0.8,1.6,0.524
Hamidou Diallo,DET,58,21.9,11.0,1.3,1.2,3.6,4.8,1.2,0.3,1.0,2.5,-3.6,5,0,4.5,9.1,0.496,0.4,1.6,0.247,1.6,2.4,0.65
Harrison Barnes,SAC,75,34.0,16.8,2.5,1.1,4.6,5.7,0.7,0.2,1.6,1.3,-5.0,5,0,5.2,11.0,0.47,1.9,4.8,0.395,4.5,5.5,0.83
Hassan Whiteside,UTA,63,18.0,8.2,0.4,2.5,5.1,7.6,0.3,1.6,0.8,2.8,3.7,14,0,3.3,5.1,0.647,0.0,0.0,0.0,1.6,2.5,0.616
Hassani Gravett,ORL,8,21.4,6.3,2.5,0.1,2.5,2.6,0.6,0.1,1.1,1.6,-0.3,0,0,2.3,4.8,0.474,1.4,3.3,0.423,0.4,0.5,0.75
Haywood Highsmith,MIA,18,6.8,1.5,0.2,0.4,0.8,1.2,0.1,0.1,0.1,0.7,-1.5,0,0,0.5,1.6,0.31,0.4,1.1,0.35,0.1,0.2,0.5
Herbert Jones,NOP,76,30.2,9.6,2.2,1.2,2.6,3.8,1.7,0.8,1.3,3.1,0.9,1,0,3.5,7.4,0.475,0.7,2.2,0.339,1.8,2.1,0.839
Ignas Brazdeikis,ORL,41,12.5,4.8,0.8,0.5,1.1,1.6,0.2,0.1,0.4,1.1,-4.4,0,0,1.8,4.3,0.421,0.6,2.0,0.317,0.5,0.7,0.655
Immanuel Quickley,NYK,76,22.7,10.9,3.3,0.4,2.7,3.0,0.7,0.0,1.2,2.2,2.9,2,1,3.5,8.9,0.387,1.7,4.9,0.343,2.2,2.5,0.885
Isaac Bonga,TOR,15,4.6,0.8,0.3,0.3,0.2,0.5,0.5,0.1,0.1,0.7,-2.1,0,0,0.2,0.9,0.231,0.1,0.3,0.25,0.3,0.5,0.625
Isaac Okoro,CLE,65,29.8,8.9,1.8,1.1,2.0,3.0,0.9,0.3,0.9,2.4,1.4,0,0,3.1,6.5,0.48,0.8,2.4,0.353,1.8,2.4,0.771
Isaiah Hartenstein,LAC,66,17.7,8.2,2.3,1.7,3.2,4.8,0.7,1.1,1.2,2.5,1.9,2,0,3.4,5.4,0.625,0.2,0.4,0.423,1.3,1.9,0.677
Isaiah Jackson,IND,34,14.1,8.1,0.3,1.7,2.4,4.1,0.6,1.4,1.1,2.5,-0.9,3,0,3.1,5.6,0.563,0.1,0.4,0.267,1.6,2.4,0.675
Isaiah Joe,PHI,53,10.8,3.5,0.6,0.1,0.8,1.0,0.2,0.1,0.3,0.8,0.2,0,0,1.1,3.1,0.352,0.8,2.4,0.333,0.5,0.5,0.931
Isaiah Livers,DET,17,20.0,6.3,1.2,0.8,2.2,3.0,0.6,0.4,0.8,1.9,0.6,1,0,2.1,4.9,0.434,1.5,3.6,0.41,0.6,0.7,0.833
Isaiah Roby,OKC,43,21.3,9.9,1.6,1.7,3.2,4.9,0.8,0.8,0.9,2.4,-4.2,4,0,3.6,7.0,0.512,0.9,2.1,0.44,1.8,2.6,0.685
Isaiah Stewart,DET,69,25.7,8.3,1.1,3.2,5.5,8.7,0.3,1.1,1.2,3.0,-5.0,12,0,3.6,7.0,0.51,0.2,0.6,0.3,1.0,1.5,0.713
Isaiah Thomas,CHA,20,15.8,8.4,1.7,0.2,1.2,1.4,0.3,0.3,0.7,1.5,0.1,0,0,3.1,7.8,0.391,1.3,3.9,0.325,1.0,1.2,0.833
Isaiah Todd,WAS,10,4.1,1.6,0.3,0.2,0.8,1.0,0.2,0.2,0.1,0.1,-0.1,0,0,0.5,1.7,0.294,0.4,1.1,0.364,0.2,0.6,0.333
Ish Smith,WAS,63,17.3,6.3,3.8,0.4,1.8,2.2,0.7,0.4,1.2,1.2,-2.1,1,0,2.8,6.6,0.427,0.4,1.0,0.364,0.2,0.4,0.625
Ish Wainright,PHX,44,7.4,2.1,0.3,0.6,0.6,1.2,0.4,0.1,0.3,1.0,1.0,0,0,0.8,2.0,0.389,0.4,1.2,0.314,0.2,0.3,0.583
Ivica Zubac,LAC,74,24.4,10.2,1.6,2.8,5.6,8.4,0.5,1.0,1.5,2.7,-2.1,23,0,4.0,6.4,0.627,0.0,0.0,0.0,2.2,3.0,0.729
JT Thor,CHA,31,8.2,2.2,0.6,0.4,0.9,1.3,0.3,0.4,0.3,0.8,0.3,0,0,0.8,1.8,0.436,0.2,0.9,0.259,0.4,0.6,0.6
Ja Morant,MEM,56,33.3,27.6,6.7,1.3,4.4,5.7,1.2,0.4,3.4,1.5,3.1,10,1,10.2,20.8,0.493,1.5,4.5,0.34,5.6,7.3,0.762
JaMychal Green,DEN,65,16.0,6.4,0.9,1.2,2.9,4.1,0.6,0.4,0.8,2.3,-1.4,1,0,2.3,4.9,0.481,0.5,1.9,0.27,1.2,1.4,0.876
JaQuori McLaughlin,DAL,4,2.7,0.0,0.5,0.0,0.0,0.0,0.0,0.0,0.0,0.3,-2.3,0,0,0.0,0.5,0.0,0.0,0.3,0.0,0.0,0.0,0.0
JaVale McGee,PHX,72,15.8,9.2,0.6,2.1,4.5,6.6,0.3,1.1,1.3,2.4,1.9,9,0,3.9,6.2,0.63,0.0,0.1,0.222,1.4,1.9,0.717
Jabari Parker,BOS,12,9.4,4.4,0.5,0.4,1.9,2.3,0.3,0.1,0.7,1.1,-0.6,0,0,1.5,3.2,0.474,0.7,1.3,0.5,0.8,0.8,1.0
Jaden McDaniels,MIN,68,25.9,9.3,1.1,1.1,3.1,4.3,0.8,0.8,1.1,3.3,0.1,0,0,3.6,8.0,0.458,1.1,3.6,0.313,0.8,1.0,0.8
Jaden Springer,PHI,2,2.8,1.0,0.0,0.5,0.5,1.0,0.0,1.0,0.5,0.0,-4.0,0,0,0.5,0.5,1.0,0.0,0.0,0.0,0.0,0.0,0.0
Jae Crowder,PHX,66,28.2,9.5,1.9,0.5,4.8,5.2,1.4,0.4,0.8,2.6,5.8,1,0,3.3,8.1,0.4,1.9,5.5,0.349,1.1,1.4,0.789
Jae'Sean Tate,HOU,76,26.3,11.9,2.9,1.7,3.7,5.4,0.9,0.5,1.8,3.7,-5.1,7,0,4.7,9.4,0.499,0.8,2.6,0.308,1.7,2.4,0.709
Jahmi'us Ramsey,SAC,19,7.0,3.2,0.4,0.2,0.5,0.7,0.1,0.1,0.3,0.5,-1.1,0,0,1.3,3.1,0.414,0.3,0.9,0.278,0.4,0.7,0.5
Jaime Echenique,WAS,1,3.1,0.0,0.0,0.0,0.0,0.0,0.0,0.0,0.0,0.0,-1.0,0,0,0.0,0.0,0.0,0.0,0.0,0.0,0.0,0.0,0.0
Jake Layman,MIN,33,6.5,2.2,0.3,0.2,0.8,1.0,0.2,0.2,0.3,0.4,-0.8,0,0,0.8,2.1,0.386,0.2,1.0,0.206,0.3,0.4,0.714
Jakob Poeltl,SAS,66,28.9,13.5,2.8,3.9,5.3,9.2,0.7,1.7,1.6,3.1,2.0,26,0,6.0,9.7,0.619,0.0,0.0,1.0,1.4,2.8,0.495
Jalen Brunson,DAL,77,32.2,16.3,4.8,0.5,3.4,3.9,0.9,0.0,1.6,1.9,2.6,7,0,6.5,12.8,0.503,1.2,3.1,0.372,2.3,2.7,0.841
Jalen Green,HOU,65,31.7,17.0,2.6,0.5,2.9,3.4,0.7,0.3,2.0,1.6,-8.0,0,0,6.0,14.1,0.424,2.4,6.8,0.345,2.7,3.4,0.801
Jalen Johnson,ATL,21,5.6,2.5,0.1,0.1,1.1,1.2,0.1,0.1,0.4,0.4,-0.7,0,0,1.0,2.0,0.537,0.1,0.6,0.231,0.2,0.3,0.714
Jalen McDaniels,CHA,53,16.1,5.9,1.0,0.6,2.4,3.0,0.5,0.4,0.7,1.7,0.3,1,0,2.1,4.5,0.473,0.7,1.9,0.353,1.0,1.3,0.729
Jalen Smith,IND,51,18.1,9.2,0.5,2.0,4.0,6.0,0.3,0.8,0.8,1.9,0.6,9,0,3.5,6.9,0.503,0.8,2.4,0.328,1.5,2.0,0.765
Jalen Suggs,ORL,48,27.2,11.8,4.4,0.5,3.0,3.6,1.2,0.4,3.0,3.0,-4.3,2,0,4.1,11.4,0.361,0.9,4.1,0.214,2.6,3.4,0.773
James Bouknight,CHA,30,10.1,4.7,0.9,0.7,1.0,1.7,0.2,0.0,0.5,0.9,-1.5,0,0,1.6,4.6,0.345,0.6,1.6,0.347,0.9,1.0,0.871
James Ennis III,DEN,7,7.9,4.1,0.4,0.7,1.0,1.7,0.3,0.3,0.3,0.7,0.0,0,0,1.6,3.4,0.458,0.4,1.1,0.375,0.6,0.7,0.8
James Harden,PHI,63,37.2,22.2,10.1,0.9,6.9,7.8,1.3,0.6,4.4,2.4,2.4,40,11,6.3,15.3,0.412,2.3,6.9,0.333,7.3,8.3,0.874
James Johnson,BKN,62,19.2,5.5,2.1,0.8,2.6,3.5,0.5,0.5,0.8,2.6,-1.0,1,0,2.3,5.0,0.469,0.4,1.4,0.271,0.5,0.9,0.527
Jamorko Pickett,DET,12,12.8,3.7,0.6,0.5,1.8,2.3,0.0,0.5,0.3,1.0,0.3,0,0,1.3,3.7,0.364,0.9,2.8,0.324,0.1,0.2,0.5
Jared Butler,UTA,40,8.4,3.8,1.5,0.1,0.9,1.1,0.4,0.2,0.8,1.1,-0.7,0,0,1.5,3.6,0.403,0.7,2.1,0.321,0.2,0.3,0.583
Jared Harper,NOP,2,5.2,3.5,1.5,0.5,0.0,0.5,0.0,0.5,0.5,1.0,0.0,0,0,1.5,3.5,0.429,0.5,1.0,0.5,0.0,0.0,0.0
Jaren Jackson Jr.,MEM,76,27.4,16.4,1.1,1.6,4.3,5.8,0.9,2.3,1.7,3.5,4.7,7,0,5.6,13.5,0.414,1.7,5.2,0.319,3.6,4.4,0.821
Jarred Vanderbilt,MIN,72,25.5,7.0,1.3,2.9,5.6,8.5,1.3,0.6,1.0,2.4,2.3,8,0,2.9,4.9,0.59,0.0,0.2,0.154,1.2,1.8,0.651
Jarrett Allen,CLE,56,32.3,16.1,1.6,3.4,7.3,10.8,0.8,1.3,1.7,1.7,2.4,32,0,6.6,9.7,0.677,0.0,0.2,0.1,2.9,4.2,0.708
Jarrett Culver,MEM,36,8.5,3.2,0.9,0.4,0.9,1.3,0.5,0.1,0.5,1.1,-0.1,0,0,1.3,3.3,0.387,0.3,1.1,0.244,0.4,0.8,0.483
Jarron Cumberland,POR,3,4.1,0.7,0.3,0.3,0.7,1.0,0.0,0.0,0.0,0.7,3.0,0,0,0.3,0.7,0.5,0.0,0.3,0.0,0.0,0.0,0.0
Javin DeLaurier,MIL,1,2.8,0.0,0.0,0.0,1.0,1.0,1.0,0.0,0.0,1.0,4.0,0,0,0.0,0.0,0.0,0.0,0.0,0.0,0.0,0.0,0.0
Javonte Green,CHI,63,23.2,7.2,0.9,1.4,2.8,4.2,1.0,0.5,0.5,2.0,0.2,0,0,2.7,5.0,0.543,0.6,1.6,0.367,1.3,1.5,0.833
Javonte Smart,MIA,16,10.4,1.9,0.9,0.3,0.9,1.2,0.3,0.1,0.6,0.7,-1.8,0,0,0.7,2.9,0.239,0.3,1.2,0.211,0.3,0.4,0.833
Jaxson Hayes,NOP,67,19.9,9.3,0.6,1.7,2.9,4.6,0.5,0.8,0.8,2.3,0.4,4,0,3.5,5.6,0.627,0.3,0.7,0.38,2.1,2.7,0.767
Jay Huff,LAL,4,5.1,0.0,0.3,0.3,0.8,1.0,0.3,0.3,0.3,0.3,3.8,0,0,0.0,0.8,0.0,0.0,0.5,0.0,0.0,0.0,0.0
Jay Scrubb,LAC,18,6.7,2.7,0.4,0.1,0.8,0.9,0.2,0.2,0.4,0.5,0.9,0,0,1.0,2.6,0.391,0.3,1.2,0.286,0.4,0.6,0.7
Jaylen Brown,BOS,64,33.7,23.7,3.4,0.8,5.3,6.1,1.1,0.3,2.7,2.4,6.9,10,1,8.8,18.5,0.474,2.5,7.0,0.361,3.7,4.9,0.762
Jaylen Hoard,OKC,5,29.5,12.4,2.0,3.6,6.8,10.4,0.8,0.6,1.0,1.8,-3.6,2,0,5.0,9.4,0.532,1.4,3.0,0.467,1.0,2.6,0.385
Jaylen Morris,SAS,3,5.3,0.7,0.7,0.0,0.7,0.7,0.0,0.0,0.3,0.7,2.7,0,0,0.0,2.0,0.0,0.0,0.7,0.0,0.7,1.3,0.5
Jaylen Nowell,MIN,60,15.7,8.4,2.1,0.4,1.7,2.0,0.5,0.2,0.6,1.2,1.3,0,0,3.1,6.6,0.476,1.0,2.5,0.388,1.1,1.5,0.773
Jaysean Paige,DET,1,6.6,0.0,1.0,0.0,1.0,1.0,0.0,0.0,1.0,2.0,-10.0,0,0,0.0,3.0,0.0,0.0,2.0,0.0,0.0,0.0,0.0
Jayson Tatum,BOS,75,36.1,26.9,4.4,1.1,6.9,8.0,1.0,0.7,2.8,2.3,8.5,22,0,9.3,20.7,0.45,3.0,8.6,0.348,5.3,6.2,0.852
Jeff Dowtin,ORL,9,12.0,2.1,1.1,0.9,1.1,2.0,0.6,0.1,0.6,0.6,-2.9,0,0,0.9,2.9,0.308,0.1,1.0,0.111,0.2,0.2,1.0
Jeff Green,DEN,73,24.6,10.3,1.3,0.6,2.5,3.1,0.4,0.4,0.9,2.0,0.5,1,0,3.7,7.1,0.519,0.7,2.3,0.317,2.2,2.6,0.833
Jemerrio Jones,LAL,2,7.4,2.0,0.0,1.0,0.5,1.5,0.5,0.0,0.0,1.0,-6.5,0,0,1.0,1.5,0.667,0.0,0.0,0.0,0.0,0.0,0.0
Jerami Grant,DET,47,31.9,19.2,2.4,0.6,3.5,4.1,0.9,1.0,1.8,2.3,-4.7,1,0,6.3,14.9,0.426,1.9,5.4,0.358,4.6,5.5,0.838
Jeremiah Robinson-Earl,OKC,49,22.2,7.5,1.0,1.5,4.1,5.6,0.6,0.3,0.8,1.5,-4.9,3,0,2.7,6.6,0.414,1.2,3.4,0.352,0.8,1.1,0.741
Jeremy Lamb,SAC,54,16.5,7.4,1.4,0.5,2.3,2.8,0.5,0.4,0.6,1.0,0.6,0,0,2.4,6.2,0.384,1.0,3.0,0.325,1.6,1.9,0.838
Jericho Sims,NYK,39,12.4,2.0,0.4,1.4,2.4,3.7,0.2,0.5,0.4,1.5,0.6,1,0,0.9,1.2,0.761,0.0,0.0,0.0,0.2,0.6,0.32
Jevon Carter,MIL,63,13.4,4.3,1.4,0.2,1.4,1.6,0.3,0.2,0.5,1.0,-0.4,0,0,1.5,3.8,0.402,1.0,2.6,0.393,0.2,0.3,0.833
Jimmy Butler,MIA,56,33.8,21.4,5.6,1.8,4.1,5.9,1.7,0.5,2.1,1.5,4.4,12,4,7.0,14.6,0.48,0.5,2.0,0.237,6.9,7.9,0.871
Jock Landale,SAS,52,10.7,4.9,0.8,1.2,1.3,2.4,0.2,0.3,0.6,1.0,-0.1,1,0,1.9,3.7,0.513,0.5,1.6,0.337,0.6,0.7,0.838
Joe Harris,BKN,14,30.2,11.3,1.0,0.4,3.6,4.0,0.5,0.1,1.1,2.2,1.1,0,0,4.0,8.9,0.452,2.9,6.3,0.466,0.4,0.4,0.833
Joe Ingles,POR,45,24.9,7.2,3.5,0.3,2.6,2.9,0.5,0.1,1.0,1.8,4.1,0,0,2.6,6.3,0.404,1.7,5.0,0.347,0.4,0.5,0.773
Joe Johnson,BOS,1,2.0,2.0,0.0,0.0,0.0,0.0,0.0,0.0,0.0,0.0,-5.0,0,0,1.0,1.0,1.0,0.0,0.0,0.0,0.0,0.0,0.0
Joe Wieskamp,SAS,26,6.4,2.2,0.3,0.2,0.2,0.4,0.2,0.1,0.1,0.4,0.1,0,0,0.7,2.0,0.373,0.5,1.5,0.333,0.2,0.3,0.556
Joel Ayayi,WAS,7,2.9,0.3,0.6,0.1,0.3,0.4,0.0,0.0,0.0,0.0,0.4,0,0,0.1,0.9,0.167,0.0,0.1,0.0,0.0,0.0,0.0
Joel Embiid,PHI,66,33.7,30.4,4.2,2.1,9.5,11.6,1.1,1.5,3.1,2.7,5.3,44,2,9.7,19.6,0.496,1.4,3.7,0.371,9.6,11.8,0.816
John Collins,ATL,54,30.8,16.2,1.8,1.7,6.1,7.8,0.6,1.0,1.1,3.0,0.7,16,0,6.3,11.9,0.526,1.2,3.3,0.364,2.5,3.1,0.793
John Konchar,MEM,69,17.7,4.7,1.3,1.1,3.4,4.5,0.6,0.3,0.4,1.3,1.7,2,0,1.8,3.6,0.51,0.7,1.7,0.415,0.4,0.6,0.568
Jon Teske,MEM,3,2.6,0.0,0.3,0.0,0.7,0.7,0.3,0.0,0.0,0.3,-1.0,0,0,0.0,0.3,0.0,0.0,0.0,0.0,0.0,0.7,0.0
Jonas Valanciunas,NOP,72,30.7,17.9,2.6,3.1,8.5,11.6,0.6,0.8,2.4,3.3,0.9,50,0,7.0,12.8,0.543,0.8,2.2,0.361,3.2,3.9,0.816
Jonathan Kuminga,GSW,67,16.8,9.1,0.9,0.8,2.5,3.3,0.4,0.3,1.1,2.0,0.1,2,0,3.3,6.5,0.505,0.7,2.1,0.315,1.8,2.7,0.676
Jordan Bell,CHI,1,2.0,0.0,0.0,1.0,0.0,1.0,1.0,0.0,0.0,2.0,1.0,0,0,0.0,0.0,0.0,0.0,0.0,0.0,0.0,0.0,0.0
Jordan Clarkson,UTA,77,27.1,16.2,2.5,0.8,2.5,3.4,0.8,0.2,1.6,1.9,4.5,1,0,6.0,14.2,0.422,2.4,7.6,0.321,1.8,2.2,0.825
Jordan Goodwin,WAS,2,3.0,0.0,0.0,0.0,0.5,0.5,0.0,0.0,0.0,0.5,-4.0,0,0,0.0,1.5,0.0,0.0,0.5,0.0,0.0,0.0,0.0
Jordan McLaughlin,MIN,60,14.4,3.7,2.9,0.4,1.1,1.5,0.9,0.2,0.6,0.9,0.7,1,0,1.4,3.2,0.438,0.4,1.4,0.309,0.5,0.6,0.737
Jordan Nwora,MIL,60,18.9,7.7,0.9,0.6,2.9,3.5,0.4,0.3,0.9,1.3,-0.9,2,0,3.0,7.3,0.41,1.3,3.6,0.349,0.5,0.6,0.824
Jordan Poole,GSW,73,30.0,18.4,3.8,0.4,2.9,3.4,0.8,0.3,2.4,2.7,4.2,1,0,6.3,13.8,0.453,2.8,7.6,0.368,3.1,3.4,0.92
Jordan Schakel,WAS,2,7.1,0.0,0.0,1.0,0.5,1.5,0.0,0.0,0.0,0.0,2.0,0,0,0.0,3.0,0.0,0.0,1.5,0.0,0.0,0.0,0.0
Jose Alvarado,NOP,51,15.0,5.9,2.7,0.5,1.4,1.8,1.3,0.1,0.7,1.4,3.2,1,0,2.3,5.3,0.44,0.6,2.0,0.304,0.6,0.9,0.711
Josh Christopher,HOU,72,17.8,7.8,2.0,0.7,1.8,2.5,0.9,0.2,1.5,1.3,-3.5,0,0,3.0,6.7,0.442,0.8,2.5,0.297,1.1,1.5,0.743
Josh Giddey,OKC,54,31.5,12.5,6.4,1.8,6.0,7.8,0.9,0.4,3.2,1.6,-5.5,16,4,5.2,12.4,0.419,1.0,3.9,0.263,1.0,1.5,0.709
Josh Green,DAL,65,15.5,4.8,1.2,0.8,1.6,2.4,0.7,0.2,0.6,1.7,0.7,1,0,2.0,3.8,0.508,0.4,1.1,0.365,0.5,0.7,0.698
Josh Hart,POR,54,33.2,14.9,4.1,1.1,6.0,7.2,1.1,0.2,2.1,2.8,-3.7,12,0,5.3,10.5,0.504,1.4,3.9,0.343,3.0,3.9,0.758
Josh Jackson,SAC,49,16.1,6.3,1.1,0.4,2.3,2.7,0.5,0.4,0.9,1.7,-3.2,0,0,2.3,5.7,0.406,0.7,2.6,0.264,1.0,1.4,0.686
Josh Okogie,MIN,48,10.3,2.5,0.5,0.5,0.9,1.4,0.5,0.2,0.5,1.0,0.9,0,0,0.8,2.0,0.381,0.3,1.0,0.304,0.7,1.0,0.681
Josh Richardson,SAS,62,24.6,10.1,1.7,0.7,2.2,2.9,0.9,0.5,1.0,1.8,2.1,0,0,3.6,8.1,0.438,1.5,3.7,0.411,1.5,1.6,0.891
Joshua Primo,SAS,47,18.8,5.5,1.5,0.7,1.6,2.3,0.4,0.5,1.1,1.5,-1.4,0,0,1.9,5.2,0.366,0.8,2.7,0.299,0.9,1.1,0.755
Jrue Holiday,MIL,64,33.5,18.5,6.9,1.0,3.5,4.5,1.6,0.4,2.8,2.0,6.1,12,0,7.2,14.4,0.501,2.0,4.8,0.416,2.1,2.7,0.767
Juan Toscano-Anderson,GSW,71,13.6,4.1,1.7,0.4,2.0,2.4,0.7,0.2,0.9,1.6,0.4,0,0,1.6,3.3,0.485,0.4,1.2,0.306,0.6,1.0,0.571
Juancho Hernangomez,UTA,38,10.5,2.8,0.5,0.6,1.8,2.4,0.3,0.3,0.4,0.6,-0.9,0,0,0.9,2.4,0.378,0.5,1.6,0.323,0.4,0.8,0.567
Julius Randle,NYK,72,35.3,20.1,5.1,1.7,8.2,9.9,0.7,0.5,3.4,2.8,-2.3,31,1,7.1,17.3,0.411,1.7,5.4,0.308,4.2,5.6,0.756
Justin Anderson,IND,16,19.7,6.4,2.1,0.3,2.6,2.9,0.5,0.4,0.5,1.4,-0.9,0,0,2.3,5.9,0.379,0.9,3.7,0.254,0.9,1.2,0.789
Justin Champagnie,TOR,35,7.8,2.2,0.3,1.1,0.9,2.0,0.2,0.1,0.2,0.9,1.7,0,0,0.9,1.9,0.462,0.3,0.7,0.346,0.3,0.3,1.0
Justin Holiday,SAC,72,27.9,10.1,1.7,0.4,2.2,2.6,0.7,0.5,1.0,2.1,-2.8,0,0,3.5,9.0,0.39,2.4,6.5,0.361,0.7,0.9,0.806
Justin Jackson,PHX,7,5.2,2.1,0.3,0.1,0.9,1.0,0.0,0.0,0.1,0.4,-1.9,0,0,0.7,2.1,0.333,0.4,1.3,0.333,0.3,0.3,1.0
Justin Robinson,DET,25,12.1,3.1,1.3,0.2,0.7,0.8,0.4,0.0,0.7,1.1,-4.9,0,0,1.1,3.7,0.301,0.7,2.4,0.295,0.2,0.3,0.5
Justise Winslow,POR,48,16.1,5.7,1.8,1.0,3.2,4.2,0.7,0.5,1.0,1.4,0.6,2,0,2.3,5.4,0.428,0.3,1.4,0.227,0.8,1.4,0.591
Jusuf Nurkic,POR,56,28.2,15.0,2.8,3.0,8.1,11.1,1.1,0.6,2.6,3.4,0.2,30,0,5.7,10.7,0.535,0.3,1.0,0.268,3.3,4.8,0.69
Juwan Morgan,BOS,2,15.5,2.5,0.5,1.0,1.0,2.0,0.0,0.0,0.0,1.5,-8.5,0,0,1.0,1.5,0.667,0.5,1.0,0.5,0.0,0.0,0.0
KZ Okpala,MIA,21,11.6,3.7,0.7,0.5,1.4,2.0,0.2,0.3,0.2,1.2,0.3,0,0,1.4,3.3,0.435,0.4,1.2,0.346,0.4,0.5,0.727
Kai Jones,CHA,20,3.0,1.1,0.2,0.2,0.4,0.6,0.1,0.0,0.3,0.4,-0.5,0,0,0.5,0.7,0.643,0.1,0.1,0.5,0.2,0.4,0.375
Karl-Anthony Towns,MIN,73,33.5,24.6,3.6,2.6,7.2,9.8,1.0,1.1,3.1,3.6,3.7,39,1,8.7,16.4,0.531,2.0,4.9,0.407,5.2,6.3,0.825
Keifer Sykes,IND,32,17.7,5.6,1.9,0.3,1.2,1.4,0.4,0.1,1.0,1.6,-2.2,0,0,2.2,5.9,0.363,0.8,2.8,0.3,0.5,0.5,0.882
Keita Bates-Diop,SAS,56,16.0,5.4,0.7,1.0,2.9,3.9,0.5,0.3,0.7,1.1,-0.1,1,0,2.2,4.3,0.517,0.3,0.9,0.327,0.7,1.0,0.732
Kelan Martin,BOS,30,15.0,5.7,0.7,0.6,1.3,1.8,0.4,0.3,0.5,1.2,-1.8,0,0,2.3,5.7,0.409,0.7,2.5,0.293,0.3,0.4,0.692
Keldon Johnson,SAS,73,31.8,16.9,2.1,1.1,5.0,6.1,0.7,0.2,1.2,2.0,1.3,6,0,6.2,13.4,0.467,2.1,5.3,0.403,2.3,3.0,0.755
Keljin Blevins,POR,28,11.0,3.1,0.6,0.6,0.9,1.5,0.4,0.0,0.6,0.9,-6.3,0,0,1.1,3.5,0.32,0.7,2.2,0.306,0.2,0.4,0.545
Kelly Olynyk,DET,39,19.0,8.9,2.7,1.4,3.1,4.4,0.8,0.5,1.4,2.5,-1.8,1,0,3.2,7.2,0.444,1.0,2.9,0.339,1.6,2.1,0.763
Kelly Oubre Jr.,CHA,74,26.5,15.0,1.1,1.1,2.9,4.0,1.0,0.4,0.9,2.5,-0.4,1,0,5.4,12.4,0.438,2.5,7.3,0.343,1.7,2.5,0.67
Kemba Walker,NYK,37,25.6,11.6,3.5,0.4,2.6,3.0,0.7,0.2,1.3,1.0,-4.9,1,1,4.0,10.0,0.403,2.0,5.4,0.367,1.6,1.9,0.845
Kenrich Williams,OKC,49,21.9,7.4,2.2,1.5,3.0,4.5,0.9,0.2,0.9,1.7,0.5,0,0,3.0,6.5,0.461,0.8,2.5,0.339,0.6,1.1,0.545
Kent Bazemore,LAL,38,14.0,3.5,0.9,0.3,1.4,1.8,0.7,0.2,0.6,1.8,-2.7,0,0,1.2,3.6,0.328,0.8,2.1,0.367,0.3,0.4,0.765
Kentavious Caldwell-Pope,WAS,77,30.2,13.2,1.9,0.5,2.9,3.4,1.1,0.3,1.3,1.8,-3.0,2,0,4.7,10.8,0.435,2.1,5.3,0.39,1.8,2.0,0.89
Kenyon Martin Jr.,HOU,77,21.0,8.8,1.3,1.0,2.8,3.8,0.4,0.5,0.8,1.4,-3.0,2,0,3.5,6.6,0.535,0.8,2.1,0.363,1.0,1.6,0.633
Keon Johnson,POR,34,17.6,7.1,1.6,0.7,1.6,2.3,0.7,0.3,1.1,1.7,-6.4,0,0,2.6,7.0,0.371,0.9,2.5,0.372,1.0,1.3,0.778
Kessler Edwards,BKN,46,20.1,5.8,0.7,0.9,2.7,3.5,0.6,0.5,0.9,1.8,-1.7,1,0,2.2,5.4,0.412,1.0,2.8,0.359,0.3,0.4,0.824
Kevin Durant,BKN,53,37.1,29.9,6.2,0.5,6.9,7.4,0.9,0.9,3.4,2.1,4.6,17,3,10.6,20.3,0.521,2.1,5.4,0.385,6.6,7.3,0.905
Kevin Huerter,ATL,72,29.6,12.0,2.7,0.4,2.9,3.4,0.7,0.4,1.2,2.5,2.3,1,0,4.7,10.3,0.452,2.2,5.6,0.389,0.6,0.7,0.8
Kevin Knox II,ATL,29,7.6,3.2,0.3,0.4,1.0,1.4,0.1,0.1,0.2,0.6,-2.3,0,0,1.1,2.9,0.373,0.5,1.8,0.288,0.5,0.7,0.75
Kevin Love,CLE,72,22.6,13.4,2.2,1.1,6.1,7.2,0.3,0.2,1.3,1.4,1.2,14,0,4.3,10.2,0.425,2.5,6.4,0.385,2.3,2.7,0.844
Kevin Pangos,CLE,24,6.9,1.6,1.3,0.1,0.4,0.5,0.1,0.0,0.3,0.5,-1.5,0,0,0.6,1.9,0.326,0.3,1.1,0.231,0.1,0.2,0.75
Kevin Porter Jr.,HOU,59,31.0,15.1,6.2,0.7,3.5,4.2,1.1,0.4,3.2,2.6,-4.6,9,1,5.3,12.9,0.411,2.5,6.6,0.37,2.0,3.2,0.629
Kevon Looney,GSW,79,21.4,6.0,2.0,2.6,4.8,7.3,0.6,0.7,0.8,2.7,2.2,5,0,2.5,4.5,0.569,0.0,0.0,0.0,0.9,1.6,0.6
Khem Birch,TOR,52,17.9,4.5,1.0,2.2,2.2,4.3,0.5,0.5,0.5,1.9,0.3,0,0,1.7,3.6,0.481,0.0,0.3,0.0,1.0,1.4,0.746
Khris Middleton,MIL,64,32.4,20.1,5.4,0.6,4.8,5.4,1.1,0.3,2.9,2.5,4.2,4,0,6.8,15.5,0.441,2.4,6.5,0.372,4.0,4.5,0.89
Killian Hayes,DET,64,25.1,6.9,4.3,0.6,2.7,3.2,1.2,0.5,1.7,2.8,-5.3,2,0,2.7,6.9,0.384,0.7,2.5,0.27,0.9,1.1,0.778
Killian Tillie,MEM,36,12.8,3.3,0.6,0.6,1.1,1.7,0.6,0.4,0.4,1.6,0.8,0,0,1.2,3.5,0.339,0.8,2.4,0.314,0.1,0.2,0.625
Kira Lewis Jr.,NOP,24,14.2,5.9,2.0,0.4,1.3,1.6,0.5,0.0,1.1,0.7,-4.5,0,0,2.5,6.1,0.404,0.5,2.4,0.224,0.4,0.5,0.833
Klay Thompson,GSW,30,29.2,19.3,2.7,0.5,3.5,3.9,0.5,0.6,1.3,1.7,1.2,0,0,7.3,17.4,0.418,3.4,9.1,0.371,1.4,1.5,0.911
Kris Dunn,POR,13,24.3,8.0,5.6,0.7,2.9,3.6,1.6,0.2,2.2,2.7,-6.6,0,0,3.4,7.7,0.44,0.1,0.8,0.091,1.2,1.2,0.938
Kristaps Porzingis,WAS,51,29.0,20.2,2.3,2.0,6.1,8.1,0.7,1.6,1.6,2.7,0.6,15,0,6.9,15.0,0.459,1.5,4.9,0.31,4.9,5.6,0.867
Kyle Anderson,MEM,66,21.4,7.4,2.6,1.0,4.3,5.4,1.1,0.7,1.0,1.6,1.0,2,0,3.0,6.8,0.439,0.5,1.5,0.324,0.9,1.5,0.626
Kyle Guy,MIA,19,9.8,3.9,0.9,0.2,0.7,0.9,0.4,0.1,0.7,0.6,-2.5,0,0,1.4,3.4,0.4,0.7,2.1,0.35,0.4,0.6,0.667
Kyle Kuzma,WAS,66,33.4,17.1,3.5,1.1,7.4,8.5,0.6,0.9,2.6,1.9,-4.3,24,1,6.4,14.2,0.452,1.9,5.7,0.341,2.4,3.3,0.712
Kyle Lowry,MIA,62,33.9,13.4,7.6,0.5,4.0,4.5,1.0,0.3,2.7,2.8,4.0,16,2,4.3,10.0,0.436,2.3,6.1,0.375,2.4,2.8,0.855
Kyrie Irving,BKN,27,37.5,27.5,5.7,0.6,3.7,4.2,1.4,0.6,2.5,2.8,4.0,2,0,9.9,21.3,0.465,3.5,8.4,0.42,4.2,4.6,0.919
LaMarcus Aldridge,BKN,47,22.3,12.9,0.9,1.6,3.9,5.5,0.3,1.0,0.9,1.7,0.4,2,0,5.4,9.7,0.55,0.3,1.0,0.304,1.9,2.2,0.873
LaMelo Ball,CHA,73,32.4,20.0,7.6,1.4,5.2,6.7,1.6,0.4,3.2,3.2,0.8,22,5,7.2,16.7,0.427,2.9,7.5,0.381,2.8,3.3,0.87
Lamar Stevens,CLE,61,16.0,6.1,0.7,0.7,1.9,2.6,0.5,0.3,0.6,1.7,-0.4,0,0,2.5,5.0,0.497,0.3,1.0,0.29,0.9,1.2,0.707
Lance Stephenson,IND,44,17.6,8.3,3.5,0.3,2.5,2.8,0.5,0.1,1.6,2.0,-2.1,3,0,3.2,7.0,0.455,0.6,2.0,0.295,1.3,1.6,0.792
Landry Shamet,PHX,67,20.8,8.1,1.5,0.2,1.6,1.8,0.4,0.1,0.6,1.3,2.3,0,0,2.7,6.9,0.39,1.8,4.8,0.368,1.0,1.2,0.84
Langston Galloway,MIL,7,15.2,2.0,1.7,0.4,2.1,2.6,0.1,0.0,0.9,1.0,-1.7,0,0,0.9,3.7,0.231,0.3,2.3,0.125,0.0,0.0,0.0
Larry Nance Jr.,NOP,43,22.9,7.0,1.9,1.5,4.0,5.5,0.9,0.5,0.8,1.8,-1.1,0,0,2.8,5.3,0.526,0.5,1.5,0.333,0.9,1.3,0.691
Lauri Markkanen,CLE,59,31.0,14.6,1.4,1.0,4.7,5.7,0.8,0.5,0.9,2.1,2.7,3,0,5.1,11.5,0.44,2.2,6.2,0.353,2.3,2.6,0.865
LeBron James,LAL,56,37.2,30.3,6.2,1.1,7.1,8.2,1.3,1.1,3.5,2.2,-2.1,21,6,11.4,21.8,0.524,2.9,8.0,0.359,4.5,6.0,0.756
Leandro Bolmaro,MIN,34,6.6,1.1,0.5,0.4,0.7,1.2,0.2,0.0,0.4,0.7,-0.4,0,0,0.4,1.3,0.289,0.1,0.5,0.235,0.3,0.3,0.818
Lindell Wigginton,MIL,17,8.9,3.5,0.8,0.1,1.1,1.2,0.2,0.1,0.6,0.7,-2.2,0,0,1.1,2.5,0.442,0.4,1.1,0.368,0.9,1.6,0.556
Lindy Waters III,OKC,25,18.6,8.0,1.0,0.2,2.7,2.9,0.8,0.3,0.4,1.2,-1.6,0,0,2.8,7.0,0.406,2.1,5.8,0.363,0.2,0.2,0.8
Lonnie Walker IV,SAS,69,23.0,12.0,2.2,0.3,2.3,2.6,0.6,0.3,1.0,1.4,-1.1,0,0,4.4,10.9,0.405,1.6,5.0,0.315,1.6,2.1,0.775
Lonzo Ball,CHI,35,34.6,13.0,5.1,1.0,4.4,5.4,1.8,0.9,2.3,2.4,2.3,3,1,4.6,10.9,0.423,3.1,7.4,0.423,0.6,0.8,0.75
Lou Williams,ATL,56,14.3,6.3,1.9,0.3,1.3,1.6,0.5,0.1,0.8,0.9,0.3,0,0,2.2,5.7,0.391,0.7,1.8,0.363,1.2,1.4,0.859
Louis King,SAC,10,10.4,4.5,0.9,0.0,1.2,1.2,0.2,0.1,0.0,1.4,-2.9,0,0,1.5,4.7,0.319,0.8,2.7,0.296,0.7,1.0,0.7
Luguentz Dort,OKC,51,32.7,17.2,1.7,0.7,3.4,4.2,0.9,0.4,1.7,2.9,-5.8,0,0,5.7,14.2,0.404,2.5,7.7,0.332,3.2,3.7,0.843
Luka Doncic,DAL,63,35.6,28.3,8.8,0.9,8.2,9.1,1.2,0.5,4.5,2.3,1.4,43,10,9.9,21.7,0.455,3.0,8.7,0.349,5.5,7.5,0.74
Luka Garza,DET,31,11.6,5.4,0.5,1.6,1.3,2.9,0.3,0.2,0.5,1.7,-1.3,1,0,1.9,4.2,0.45,0.5,1.4,0.333,1.2,1.8,0.655
Luke Kennard,LAC,68,27.5,11.8,2.1,0.3,3.0,3.3,0.6,0.1,0.8,1.5,2.3,1,0,4.1,9.0,0.45,2.7,6.0,0.45,1.0,1.1,0.893
Luke Kornet,BOS,13,5.7,1.4,0.5,0.6,0.8,1.5,0.2,0.2,0.0,0.5,1.5,0,0,0.6,1.5,0.421,0.0,0.2,0.0,0.2,0.3,0.5
MJ Walker,PHX,2,4.2,0.0,0.5,0.0,0.5,0.5,1.0,0.0,0.0,0.5,-1.5,0,0,0.0,2.0,0.0,0.0,1.0,0.0,0.0,0.0,0.0
Mac McClung,CHI,1,2.6,2.0,0.0,0.0,0.0,0.0,0.0,0.0,1.0,0.0,-2.0,0,0,1.0,1.0,1.0,0.0,0.0,0.0,0.0,0.0,0.0
Malachi Flynn,TOR,41,11.8,4.2,1.5,0.2,1.2,1.4,0.4,0.1,0.3,1.0,-0.1,0,0,1.6,4.0,0.407,0.7,2.0,0.333,0.3,0.6,0.609
Malcolm Brogdon,IND,36,33.5,19.1,5.9,0.9,4.2,5.1,0.8,0.4,2.1,2.0,0.0,6,1,6.8,15.1,0.448,1.6,5.2,0.312,4.0,4.6,0.856
Malcolm Hill,CHI,18,11.1,3.9,0.3,0.6,1.2,1.8,0.3,0.2,0.1,1.2,-1.2,0,0,1.3,2.8,0.46,0.7,1.9,0.371,0.6,0.8,0.786
Malik Beasley,MIN,77,25.1,12.1,1.5,0.3,2.6,2.9,0.5,0.2,0.6,1.1,1.2,0,0,4.2,10.8,0.393,3.1,8.1,0.379,0.6,0.8,0.81
Malik Fitts,BOS,14,3.8,1.0,0.2,0.1,0.9,1.0,0.0,0.0,0.1,0.3,-1.2,0,0,0.4,1.1,0.333,0.3,0.6,0.444,0.0,0.0,0.0
Malik Monk,LAL,73,27.8,13.3,2.8,0.5,2.8,3.3,0.8,0.4,1.5,1.8,0.7,1,0,5.0,10.6,0.472,2.2,5.7,0.391,1.1,1.4,0.779
Malik Newman,CLE,1,7.7,8.0,1.0,0.0,1.0,1.0,0.0,0.0,1.0,0.0,1.0,0,0,3.0,5.0,0.6,0.0,1.0,0.0,2.0,2.0,1.0
Mamadi Diakite,OKC,13,14.4,4.3,0.2,1.3,3.2,4.5,0.4,0.7,0.5,2.5,-1.1,0,0,1.9,3.6,0.532,0.0,0.4,0.0,0.5,0.8,0.545
Marcus Garrett,MIA,12,10.7,1.1,0.6,0.8,1.2,1.9,0.4,0.3,0.2,1.3,1.4,0,0,0.4,1.8,0.238,0.1,0.3,0.25,0.2,0.4,0.4
Marcus Morris Sr.,LAC,53,29.1,15.5,2.1,0.5,4.0,4.5,0.5,0.3,1.3,2.1,-2.9,2,0,5.6,12.8,0.437,1.9,5.0,0.371,2.4,2.8,0.871
Marcus Smart,BOS,69,32.5,12.0,5.9,0.6,3.3,3.9,1.7,0.3,2.2,2.3,6.2,2,0,4.2,10.1,0.414,1.6,5.0,0.326,2.0,2.6,0.791
Markelle Fultz,ORL,17,19.4,10.9,4.9,0.2,2.5,2.8,1.1,0.3,2.1,1.1,-2.4,0,0,4.6,9.6,0.479,0.2,0.8,0.286,1.5,1.8,0.806
Markieff Morris,MIA,17,17.5,7.6,1.4,1.0,1.6,2.6,0.4,0.1,1.2,1.9,1.1,0,0,3.2,6.7,0.474,0.8,2.3,0.333,0.5,0.5,0.889
Marko Simonovic,CHI,9,3.9,1.9,0.0,0.6,0.6,1.1,0.1,0.1,0.2,0.7,0.3,0,0,0.4,1.7,0.267,0.1,0.6,0.2,0.9,1.2,0.727
Markus Howard,DEN,29,5.1,3.5,0.2,0.0,0.3,0.3,0.3,0.0,0.2,0.4,0.5,0,0,1.1,2.8,0.378,0.9,2.1,0.433,0.4,0.5,0.867
Marquese Chriss,DAL,33,9.8,4.5,0.5,0.9,2.1,3.0,0.4,0.4,0.5,1.8,-0.2,0,0,1.8,3.8,0.472,0.2,0.8,0.32,0.6,0.9,0.645
Marvin Bagley III,DET,48,23.9,11.3,0.8,2.2,4.9,7.0,0.5,0.4,0.8,1.9,-2.8,7,0,4.7,9.3,0.504,0.5,2.0,0.237,1.4,2.1,0.663
Mason Jones,LAL,2,4.4,2.5,0.0,0.5,0.5,1.0,0.5,0.0,0.5,0.5,-2.0,0,0,1.0,4.0,0.25,0.0,1.0,0.0,0.5,1.0,0.5
Mason Plumlee,CHA,71,24.7,6.5,3.1,2.5,5.4,7.8,0.8,0.7,1.4,3.1,0.0,7,0,2.8,4.4,0.637,0.0,0.0,0.0,0.9,2.4,0.389
Matisse Thybulle,PHI,64,25.4,5.8,1.1,0.6,1.7,2.3,1.8,1.1,0.6,2.4,1.4,0,0,2.3,4.6,0.497,0.7,2.2,0.312,0.5,0.7,0.791
Matt Mooney,NYK,1,1.9,0.0,0.0,0.0,0.0,0.0,1.0,0.0,1.0,0.0,-5.0,0,0,0.0,1.0,0.0,0.0,1.0,0.0,0.0,0.0,0.0
Matt Thomas,CHI,40,11.5,4.0,0.5,0.1,1.2,1.3,0.2,0.1,0.2,0.5,0.8,0,0,1.4,3.4,0.41,0.9,2.3,0.385,0.4,0.5,0.8
Maurice Harkless,SAC,47,18.4,4.6,0.5,0.3,2.1,2.4,0.6,0.5,0.7,1.6,-1.9,1,0,1.8,3.9,0.459,0.7,2.1,0.307,0.4,0.6,0.714
Max Strus,MIA,67,23.3,10.6,1.4,0.4,2.6,3.0,0.4,0.2,0.8,1.7,2.4,0,0,3.7,8.4,0.439,2.7,6.6,0.408,0.6,0.8,0.792
Maxi Kleber,DAL,59,24.6,7.0,1.2,1.2,4.7,5.9,0.5,1.0,0.8,2.3,2.0,2,0,2.4,6.0,0.398,1.4,4.3,0.325,0.8,1.1,0.708
McKinley Wright IV,MIN,4,2.9,1.3,0.3,0.0,0.0,0.0,0.0,0.0,0.3,0.3,-2.5,0,0,0.5,0.8,0.667,0.3,0.5,0.5,0.0,0.0,0.0
Melvin Frazier Jr.,OKC,1,32.6,8.0,0.0,3.0,2.0,5.0,1.0,0.0,1.0,0.0,-35.0,0,0,4.0,15.0,0.267,0.0,6.0,0.0,0.0,1.0,0.0
Micah Potter,DET,3,10.3,4.0,0.0,1.3,1.7,3.0,0.3,0.3,0.3,1.3,-13.3,0,0,1.7,3.7,0.455,0.0,0.7,0.0,0.7,0.7,1.0
Michael Porter Jr.,DEN,9,29.4,9.9,1.9,1.0,5.6,6.6,1.1,0.2,1.3,1.8,6.4,1,0,4.1,11.4,0.359,1.1,5.3,0.208,0.6,1.0,0.556
Mikal Bridges,PHX,80,35.2,14.3,2.3,0.9,3.4,4.3,1.2,0.5,0.8,1.9,7.0,0,0,5.6,10.6,0.533,1.4,3.9,0.371,1.6,1.9,0.83
Mike Conley,UTA,70,28.6,13.7,5.3,0.7,2.4,3.0,1.3,0.3,1.7,1.9,4.8,2,0,4.8,10.9,0.437,2.4,5.7,0.41,1.8,2.2,0.808
Mike Muscala,OKC,43,13.8,8.0,0.5,0.5,2.5,3.0,0.4,0.6,0.3,1.3,0.5,0,0,2.6,5.8,0.456,1.6,3.8,0.429,1.1,1.3,0.842
Miles Bridges,CHA,78,35.6,20.3,3.8,1.1,5.9,7.0,0.9,0.8,1.9,2.5,1.6,15,0,7.5,15.3,0.492,1.9,5.8,0.33,3.4,4.2,0.8
Miles McBride,NYK,39,9.1,2.2,1.0,0.1,0.9,1.1,0.3,0.0,0.1,1.1,2.7,0,0,0.8,2.6,0.301,0.4,1.6,0.25,0.2,0.3,0.667
Mitchell Robinson,NYK,72,25.7,8.5,0.5,4.1,4.5,8.6,0.8,1.8,0.8,2.7,-1.1,20,0,3.6,4.8,0.761,0.0,0.0,0.0,1.2,2.5,0.486
Miye Oni,UTA,16,2.8,0.3,0.3,0.1,0.4,0.4,0.0,0.0,0.1,0.4,-2.0,0,0,0.1,0.6,0.222,0.1,0.5,0.125,0.0,0.1,0.0
Mo Bamba,ORL,70,25.7,10.5,1.2,2.1,5.9,8.0,0.5,1.7,1.1,2.6,-5.4,19,0,4.1,8.7,0.477,1.5,3.9,0.375,0.8,1.0,0.786
Monte Morris,DEN,74,29.9,12.6,4.4,0.3,2.7,3.0,0.8,0.2,1.0,1.2,3.8,0,0,5.0,10.3,0.484,1.6,4.2,0.394,1.0,1.1,0.869
Montrezl Harrell,CHA,69,23.1,13.2,2.0,2.1,4.0,6.1,0.4,0.6,1.0,1.9,0.7,7,0,5.0,7.8,0.641,0.1,0.2,0.235,3.1,4.3,0.716
Moritz Wagner,ORL,62,15.0,8.9,1.3,0.7,2.9,3.6,0.3,0.2,0.9,2.0,-2.5,2,0,3.1,6.2,0.499,1.0,3.1,0.33,1.6,2.0,0.803
Moses Brown,CLE,38,8.7,4.2,0.0,1.0,2.5,3.5,0.2,0.4,0.5,1.3,-0.8,3,0,1.6,2.7,0.578,0.0,0.0,0.0,1.1,1.9,0.597
Moses Moody,GSW,50,11.7,4.4,0.4,0.3,1.2,1.6,0.1,0.2,0.3,0.8,-0.9,0,0,1.5,3.6,0.43,0.8,2.2,0.352,0.6,0.7,0.778
Moses Wright,DAL,3,2.3,1.0,0.3,0.3,0.0,0.3,0.0,0.0,0.0,0.0,-1.7,0,0,0.3,1.3,0.25,0.0,0.3,0.0,0.3,0.3,1.0
Mychal Mulder,MIA,16,12.3,3.6,0.2,0.1,1.3,1.4,0.3,0.1,0.5,0.8,-3.1,0,0,1.3,4.3,0.309,0.9,2.9,0.298,0.1,0.1,1.0
Myles Powell,PHI,11,4.7,1.2,0.3,0.1,0.5,0.5,0.1,0.0,0.3,0.7,-1.6,0,0,0.5,1.5,0.294,0.1,0.5,0.167,0.2,0.2,1.0
Myles Turner,IND,42,29.4,12.9,1.0,1.5,5.5,7.1,0.7,2.8,1.3,2.8,-0.3,9,0,4.8,9.4,0.509,1.5,4.4,0.333,1.9,2.5,0.752
Naji Marshall,NOP,52,13.0,5.5,1.0,0.7,1.9,2.6,0.6,0.1,0.8,1.3,-0.5,1,0,1.9,4.7,0.402,0.4,1.9,0.212,1.3,1.6,0.788
Nassir Little,POR,42,25.9,9.8,1.3,1.4,4.2,5.6,0.6,0.9,1.0,2.0,-0.5,3,0,3.5,7.5,0.46,1.2,3.7,0.331,1.6,2.2,0.734
Nate Hinton,IND,2,1.2,0.0,0.0,0.0,0.0,0.0,0.0,0.0,0.5,0.0,2.0,0,0,0.0,0.5,0.0,0.0,0.0,0.0,0.0,0.0,0.0
Nathan Knight,MIN,36,7.0,3.4,0.5,0.8,1.3,2.1,0.2,0.2,0.5,1.1,0.2,1,0,1.1,2.1,0.5,0.1,0.3,0.3,1.2,1.6,0.737
Naz Reid,MIN,75,15.7,8.3,0.9,1.3,2.6,3.9,0.5,0.9,1.1,2.2,-1.0,4,0,3.0,6.1,0.491,0.7,2.1,0.342,1.5,2.0,0.765
Neemias Queta,SAC,13,6.3,2.2,0.3,1.0,0.8,1.8,0.1,0.3,0.4,0.9,-1.0,0,0,0.8,2.1,0.407,0.0,0.0,0.0,0.5,0.8,0.636
Nemanja Bjelica,GSW,68,16.0,6.0,2.2,0.8,3.3,4.1,0.5,0.4,1.2,1.8,1.6,3,0,2.2,4.8,0.46,0.8,2.1,0.359,0.8,1.1,0.711
Nerlens Noel,NYK,25,22.5,3.4,0.9,1.9,3.7,5.6,1.2,1.2,0.8,2.7,-2.7,0,0,1.3,2.4,0.533,0.0,0.1,0.0,0.8,1.2,0.7
Nic Claxton,BKN,45,20.8,8.7,0.8,2.0,3.6,5.6,0.5,1.1,0.8,2.3,-1.0,4,0,3.8,5.7,0.667,0.0,0.0,0.0,1.2,2.0,0.571
Nick Richards,CHA,50,7.3,3.0,0.3,0.7,1.0,1.7,0.2,0.4,0.5,1.0,-2.2,0,0,1.2,1.8,0.667,0.0,0.0,0.0,0.6,0.9,0.698
Nickeil Alexander-Walker,UTA,64,22.8,10.8,2.4,0.6,2.3,2.9,0.7,0.4,1.5,1.6,-1.8,2,0,3.9,10.6,0.372,1.6,5.2,0.31,1.3,1.7,0.743
Nicolas Batum,LAC,58,24.8,8.4,1.7,0.5,3.8,4.3,1.0,0.7,0.7,1.4,-2.5,0,0,3.1,6.6,0.461,1.8,4.6,0.399,0.4,0.7,0.658
Nik Stauskas,BOS,8,4.8,2.3,0.3,0.1,0.3,0.4,0.0,0.0,0.1,0.1,2.3,0,0,0.6,1.8,0.357,0.5,1.3,0.4,0.5,0.8,0.667
Nikola Jokic,DEN,73,33.4,27.0,7.9,2.8,11.0,13.7,1.4,0.8,3.8,2.6,5.6,65,19,10.2,17.6,0.581,1.3,3.9,0.337,5.2,6.4,0.809
Nikola Vucevic,CHI,72,33.3,17.8,3.2,2.0,9.1,11.1,1.0,1.0,1.9,2.5,-0.4,44,0,7.6,15.9,0.474,1.4,4.6,0.315,1.3,1.7,0.756
Norman Powell,LAC,44,32.6,18.9,2.1,0.5,2.8,3.3,1.0,0.5,1.5,2.4,-5.0,0,0,6.2,13.5,0.46,2.3,5.6,0.413,4.2,5.2,0.811
Norvel Pelle,UTA,3,6.3,2.0,0.0,1.0,1.0,2.0,0.0,0.3,0.7,0.3,-6.3,0,0,1.0,1.7,0.6,0.0,0.0,0.0,0.0,0.0,0.0
OG Anunoby,TOR,47,36.2,17.3,2.6,1.5,3.9,5.4,1.5,0.5,1.6,2.8,3.1,3,0,6.5,14.6,0.445,2.4,6.6,0.369,1.9,2.5,0.75
Obi Toppin,NYK,70,16.5,8.2,1.0,1.0,2.7,3.6,0.3,0.5,0.7,1.4,2.0,2,0,3.2,6.0,0.522,0.6,2.1,0.274,1.3,1.7,0.748
Olivier Sarr,OKC,22,19.1,7.0,0.9,1.5,2.7,4.2,0.3,0.7,1.0,2.4,-1.3,1,0,2.6,4.6,0.574,0.6,1.3,0.448,1.1,1.3,0.828
Omer Yurtseven,MIA,55,12.2,5.3,0.9,1.5,3.7,5.2,0.3,0.3,0.7,1.5,1.1,8,0,2.3,4.2,0.545,0.0,0.1,0.125,0.7,1.1,0.627
Onyeka Okongwu,ATL,46,20.6,8.2,1.1,2.4,3.4,5.8,0.7,1.3,0.9,3.0,2.3,1,0,3.3,4.7,0.688,0.0,0.0,0.0,1.7,2.3,0.722
Oshae Brissett,IND,65,23.1,8.7,1.0,1.6,3.7,5.3,0.6,0.4,0.8,1.7,-3.1,5,0,3.0,7.3,0.403,1.2,3.4,0.338,1.6,2.3,0.702
Otto Porter Jr.,GSW,61,22.0,8.2,1.5,1.3,4.4,5.7,1.1,0.5,0.6,1.3,3.2,5,0,3.1,6.5,0.469,1.3,3.4,0.368,0.8,1.0,0.814
P.J. Dozier,DEN,18,18.9,5.4,1.6,0.8,2.7,3.5,0.6,0.3,0.7,1.8,-5.0,0,0,2.0,5.5,0.364,0.8,2.7,0.313,0.6,0.7,0.769
P.J. Tucker,MIA,71,27.9,7.6,2.1,1.4,4.0,5.5,0.8,0.2,0.9,2.3,3.2,5,0,2.9,6.0,0.484,1.1,2.7,0.415,0.6,0.9,0.738
P.J. Washington,CHA,63,27.2,10.3,2.3,1.3,4.0,5.3,0.9,0.9,1.3,2.3,1.8,3,0,3.9,8.3,0.466,1.7,4.7,0.365,0.9,1.3,0.713
Paris Bass,PHX,2,3.7,3.0,0.0,1.0,1.0,2.0,0.5,0.0,1.0,1.0,1.0,0,0,1.0,3.0,0.333,0.0,1.0,0.0,1.0,1.0,1.0
Pascal Siakam,TOR,66,37.9,22.5,5.2,1.8,6.6,8.5,1.2,0.6,2.7,3.3,3.8,28,1,8.6,17.5,0.494,1.1,3.2,0.354,4.1,5.5,0.747
Pat Connaughton,MIL,63,26.1,10.0,1.3,0.7,3.5,4.2,0.9,0.2,0.5,1.3,-0.3,0,0,3.5,7.7,0.461,2.3,5.7,0.394,0.7,0.8,0.827
Patrick Beverley,MIN,56,25.6,9.3,4.6,1.1,3.1,4.2,1.2,0.9,1.3,3.0,2.0,2,0,3.1,7.6,0.407,1.5,4.2,0.347,1.6,2.3,0.724
Patrick Williams,CHI,15,23.7,6.9,0.5,1.1,3.0,4.1,0.6,0.5,0.7,1.7,-2.2,1,0,2.7,4.9,0.541,0.7,1.5,0.435,0.9,1.4,0.619
Patty Mills,BKN,79,29.0,11.5,2.3,0.2,1.7,1.9,0.6,0.2,0.9,1.4,1.2,0,0,4.0,9.9,0.407,2.8,7.1,0.4,0.6,0.7,0.821
Paul George,LAC,30,34.8,24.4,5.5,0.4,6.5,6.8,2.2,0.4,4.1,2.4,2.5,6,0,8.7,20.7,0.418,2.8,8.3,0.343,4.2,4.9,0.863
Paul Millsap,PHI,33,11.4,3.5,0.9,1.2,2.2,3.5,0.3,0.4,0.6,2.0,-0.7,0,0,1.4,3.5,0.391,0.2,1.1,0.229,0.5,0.7,0.708
Paul Reed,PHI,35,7.4,2.2,0.4,1.0,1.1,2.1,0.7,0.4,0.3,1.3,-1.7,0,0,1.0,2.2,0.474,0.1,0.2,0.25,0.1,0.3,0.4
Paul Watson,OKC,9,17.4,3.4,0.9,0.3,2.7,3.0,0.3,0.3,0.4,1.1,-6.2,0,0,1.3,3.9,0.343,0.7,2.9,0.231,0.1,0.2,0.5
Payton Pritchard,BOS,69,14.0,6.1,1.9,0.4,1.4,1.8,0.3,0.1,0.6,0.9,0.6,0,0,2.2,5.1,0.425,1.4,3.4,0.416,0.3,0.3,1.0
Petr Cornelie,DEN,13,2.9,1.1,0.2,0.5,0.5,1.1,0.1,0.1,0.3,0.5,0.6,0,0,0.4,1.2,0.333,0.1,0.6,0.125,0.2,0.3,0.75
Precious Achiuwa,TOR,70,23.5,9.0,1.1,2.0,4.6,6.6,0.5,0.5,1.1,2.1,1.5,6,0,3.6,8.2,0.439,0.7,2.0,0.348,1.1,1.8,0.587
Quentin Grimes,NYK,46,17.1,6.0,1.0,0.5,1.5,2.0,0.7,0.2,0.6,1.6,-1.2,0,0,2.1,5.1,0.404,1.6,4.1,0.381,0.3,0.4,0.684
Quinndary Weatherspoon,GSW,10,6.9,3.0,0.4,0.2,1.2,1.4,0.1,0.1,0.3,1.5,-1.0,0,0,1.2,2.1,0.571,0.1,0.5,0.2,0.5,0.5,1.0
R.J. Hampton,ORL,63,21.7,7.4,2.4,0.3,2.7,3.0,0.7,0.2,1.4,1.6,-6.7,0,0,2.7,7.0,0.379,1.0,2.8,0.341,1.2,1.8,0.638
RJ Barrett,NYK,69,34.8,20.1,3.0,1.0,4.9,5.9,0.6,0.2,2.2,2.1,-2.2,4,0,7.0,17.2,0.406,2.0,5.9,0.342,4.2,5.8,0.716
RJ Nembhard Jr.,CLE,13,4.6,1.2,0.9,0.2,0.2,0.5,0.1,0.0,0.2,0.2,0.4,0,0,0.5,1.3,0.353,0.0,0.2,0.0,0.2,0.3,0.75
Rajon Rondo,CLE,37,17.9,4.9,4.1,0.4,2.4,2.8,0.8,0.2,1.8,1.4,-3.2,1,0,1.8,4.6,0.386,0.8,2.3,0.345,0.5,0.7,0.731
Raul Neto,WAS,68,19.6,7.4,3.1,0.2,1.8,1.9,0.8,0.0,1.1,1.5,-1.3,0,0,2.9,6.3,0.458,0.5,1.7,0.291,1.1,1.5,0.762
Rayjon Tucker,DEN,3,9.8,2.0,1.3,0.3,1.0,1.3,0.3,0.0,0.0,1.0,1.0,0,0,0.3,0.7,0.5,0.3,0.7,0.5,1.0,1.3,0.75
Reggie Bullock,DAL,66,28.0,8.7,1.2,0.5,3.1,3.6,0.6,0.2,0.6,1.6,3.4,0,0,3.0,7.4,0.406,2.1,5.8,0.363,0.6,0.7,0.83
Reggie Jackson,LAC,74,31.3,17.0,4.8,0.5,3.1,3.6,0.7,0.2,2.3,2.1,-1.1,5,0,6.4,16.4,0.392,2.2,6.9,0.327,1.9,2.2,0.847
Reggie Perry,POR,7,16.6,6.9,0.9,1.3,3.6,4.9,0.6,0.3,0.9,2.9,-3.3,1,0,2.9,6.4,0.444,0.3,1.4,0.2,0.9,1.4,0.6
Richaun Holmes,SAC,45,23.9,10.4,1.1,2.1,5.0,7.0,0.4,0.9,1.2,2.8,-3.0,8,0,4.4,6.7,0.66,0.0,0.1,0.4,1.6,2.0,0.778
Ricky Rubio,IND,34,28.5,13.1,6.6,0.4,3.7,4.1,1.4,0.2,2.6,2.2,5.4,5,0,4.4,12.1,0.363,1.7,5.1,0.339,2.6,3.0,0.854
Rob Edwards,OKC,2,5.4,1.5,0.0,0.0,1.5,1.5,0.0,0.0,0.5,0.0,-7.0,0,0,0.5,2.0,0.25,0.5,2.0,0.25,0.0,0.0,0.0
Robert Covington,LAC,69,27.6,8.5,1.3,0.8,4.7,5.5,1.5,1.3,1.1,2.7,0.1,1,0,3.0,7.0,0.42,1.8,4.8,0.376,0.8,1.0,0.833
Robert Williams III,BOS,61,29.6,10.0,2.0,3.9,5.7,9.6,0.9,2.2,1.0,2.2,6.1,25,1,4.4,6.0,0.736,0.0,0.0,0.0,1.1,1.5,0.722
Robert Woodard II,SAS,12,3.5,0.6,0.3,0.4,0.5,0.9,0.1,0.1,0.1,0.3,1.3,0,0,0.2,1.3,0.125,0.1,0.3,0.25,0.2,0.2,1.0
Robin Lopez,ORL,35,17.2,7.1,1.5,1.9,1.6,3.5,0.1,0.5,1.3,1.9,-2.3,3,0,3.1,5.6,0.553,0.1,0.1,0.4,0.9,1.5,0.577
Rodney Hood,LAC,50,13.7,3.1,0.7,0.3,1.2,1.5,0.3,0.1,0.2,0.6,-0.4,0,0,1.1,3.1,0.361,0.6,1.8,0.315,0.3,0.3,0.882
Rodney McGruder,DET,49,14.4,4.9,0.9,0.6,1.5,2.1,0.4,0.1,0.4,1.1,-0.8,0,0,1.8,4.2,0.42,1.1,2.8,0.391,0.3,0.4,0.7
Romeo Langford,SAS,46,16.3,4.7,0.4,0.7,1.7,2.3,0.5,0.3,0.3,1.0,0.1,0,0,1.8,4.1,0.434,0.6,1.8,0.341,0.5,0.8,0.553
Royce O'Neale,UTA,75,31.3,7.5,2.5,0.8,4.0,4.9,1.1,0.4,1.0,2.4,3.2,3,0,2.7,5.8,0.463,1.6,4.0,0.393,0.6,0.7,0.796
Rudy Gay,UTA,54,18.9,8.1,1.0,1.0,3.4,4.4,0.5,0.3,0.8,1.7,2.9,0,0,2.9,6.9,0.414,1.3,3.7,0.35,1.1,1.4,0.779
Rudy Gobert,UTA,64,32.2,15.5,1.1,3.7,11.1,14.7,0.7,2.1,1.8,2.7,6.2,51,0,5.5,7.7,0.713,0.0,0.1,0.0,4.5,6.5,0.69
Rui Hachimura,WAS,40,22.1,10.8,1.1,0.6,3.3,3.8,0.6,0.2,0.8,1.3,-2.8,0,0,4.3,8.7,0.489,1.3,2.9,0.447,1.1,1.5,0.7
Russell Westbrook,LAL,78,34.3,18.5,7.1,1.4,6.0,7.4,1.0,0.3,3.8,3.0,-2.7,28,10,7.0,15.8,0.444,1.0,3.4,0.298,3.4,5.1,0.667
Ryan Arcidiacono,NYK,8,5.0,1.4,0.1,0.0,0.5,0.5,0.0,0.0,0.1,0.0,0.6,0,0,0.5,0.8,0.667,0.4,0.5,0.75,0.0,0.0,0.0
Saben Lee,DET,36,15.9,5.5,2.8,0.4,1.9,2.4,1.0,0.3,0.8,1.1,-1.4,1,0,1.9,4.8,0.393,0.4,1.7,0.233,1.3,1.6,0.797
Saddiq Bey,DET,80,33.2,16.2,2.9,1.3,4.1,5.5,0.9,0.2,1.2,1.6,-6.0,6,0,5.5,13.9,0.397,2.6,7.5,0.35,2.6,3.1,0.827
Sam Dekker,TOR,1,0.9,0.0,0.0,0.0,0.0,0.0,0.0,0.0,0.0,0.0,-5.0,0,0,0.0,0.0,0.0,0.0,0.0,0.0,0.0,0.0,0.0
Sam Hauser,BOS,24,5.4,2.0,0.3,0.2,0.8,1.0,0.0,0.1,0.1,0.3,-0.1,0,0,0.7,1.7,0.415,0.6,1.5,0.405,0.0,0.0,0.0
Sam Merrill,MEM,6,9.6,4.2,0.7,0.2,1.0,1.2,0.0,0.0,0.3,0.5,-1.5,0,0,1.3,4.0,0.333,1.2,3.8,0.304,0.3,0.7,0.5
Sandro Mamukelashvili,MIL,39,9.2,3.2,0.5,0.8,0.9,1.8,0.2,0.2,0.3,0.7,-3.3,0,0,1.2,2.5,0.479,0.5,1.2,0.426,0.3,0.4,0.75
Santi Aldama,MEM,30,10.6,3.5,0.5,0.8,1.6,2.4,0.1,0.3,0.4,1.1,0.8,1,0,1.4,3.6,0.394,0.1,1.4,0.098,0.5,0.8,0.583
Scottie Barnes,TOR,71,35.5,15.5,3.5,2.7,4.9,7.6,1.1,0.8,1.8,2.6,1.0,12,0,6.2,12.7,0.491,0.8,2.6,0.301,2.2,3.0,0.732
Scottie Lewis,CHA,2,3.3,0.5,0.5,0.0,0.0,0.0,0.5,0.0,0.0,0.0,-2.0,0,0,0.0,0.0,0.0,0.0,0.0,0.0,0.5,1.0,0.5
Scotty Hopson,OKC,1,17.7,4.0,1.0,0.0,1.0,1.0,0.0,0.0,2.0,1.0,-6.0,0,0,2.0,4.0,0.5,0.0,1.0,0.0,0.0,0.0,0.0
Sekou Doumbouya,LAL,2,8.2,7.0,0.0,1.0,2.0,3.0,1.5,1.0,1.0,0.5,12.0,0,0,2.5,4.0,0.625,0.5,1.0,0.5,1.5,2.0,0.75
Semi Ojeleye,LAC,30,13.5,3.3,0.3,0.9,1.6,2.5,0.2,0.2,0.3,1.0,-4.8,0,0,1.0,3.3,0.303,0.5,1.7,0.3,0.8,1.0,0.793
Serge Ibaka,MIL,53,16.3,6.7,0.9,1.1,3.5,4.6,0.2,0.6,0.8,1.9,-1.0,3,0,2.7,5.5,0.495,0.7,1.8,0.378,0.6,0.8,0.727
Seth Curry,BKN,63,33.4,15.0,3.6,0.3,2.8,3.1,0.8,0.2,1.7,2.3,3.1,1,0,5.6,11.6,0.486,2.5,5.8,0.424,1.3,1.5,0.872
Shai Gilgeous-Alexander,OKC,56,34.7,24.5,5.9,0.7,4.3,5.0,1.3,0.8,2.8,2.5,-4.7,6,1,8.5,18.8,0.453,1.6,5.3,0.3,5.9,7.2,0.81
Shake Milton,PHI,52,21.3,7.8,2.4,0.5,2.1,2.6,0.5,0.3,0.8,1.8,-0.8,0,0,3.0,7.2,0.421,0.8,2.4,0.312,1.0,1.3,0.818
Shaq Buchanan,MEM,2,4.9,1.0,1.0,0.5,0.5,1.0,0.5,0.0,1.0,0.5,-1.0,0,0,0.5,2.0,0.25,0.0,1.0,0.0,0.0,0.0,0.0
Shaquille Harrison,BKN,2,11.3,2.0,1.5,0.5,1.5,2.0,0.5,0.5,1.0,1.5,-2.0,0,0,1.0,3.0,0.333,0.0,1.0,0.0,0.0,0.0,0.0
Sharife Cooper,ATL,12,3.1,0.6,0.4,0.0,0.4,0.4,0.0,0.0,0.4,0.1,-2.8,0,0,0.3,1.2,0.214,0.1,0.5,0.167,0.0,0.0,0.0
Skylar Mays,ATL,27,8.1,3.0,0.6,0.2,0.7,0.9,0.3,0.0,0.4,0.3,-1.8,1,0,1.2,2.4,0.5,0.3,0.9,0.32,0.3,0.3,0.889
Solomon Hill,ATL,13,10.7,0.6,0.9,0.5,1.3,1.8,0.3,0.2,0.1,1.2,3.2,0,0,0.2,1.5,0.15,0.2,1.0,0.154,0.0,0.0,0.0
Spencer Dinwiddie,DAL,65,29.9,13.8,5.2,0.7,3.5,4.2,0.6,0.2,1.6,2.3,-0.9,7,1,4.6,11.1,0.414,1.6,5.0,0.332,3.0,3.8,0.774
Stanley Johnson,LAL,45,21.8,6.1,1.7,0.7,2.3,3.0,0.9,0.3,0.6,2.3,-1.1,0,0,2.3,4.9,0.466,0.7,2.0,0.326,0.9,1.2,0.75
Stephen Curry,GSW,64,34.5,25.5,6.3,0.5,4.7,5.2,1.3,0.4,3.2,2.0,8.0,12,2,8.4,19.1,0.437,4.5,11.7,0.38,4.3,4.7,0.923
Sterling Brown,DAL,48,12.8,3.2,0.7,0.5,2.5,3.0,0.3,0.1,0.5,1.1,0.6,2,0,1.2,3.1,0.376,0.6,1.9,0.303,0.3,0.3,0.933
Steven Adams,MEM,74,26.4,7.1,3.3,4.6,5.4,10.0,0.9,0.8,1.5,2.0,4.8,14,0,2.8,5.1,0.545,0.0,0.0,0.0,1.5,2.7,0.548
Svi Mykhailiuk,TOR,55,12.9,4.5,0.8,0.4,1.3,1.7,0.5,0.1,0.6,0.9,-1.3,0,0,1.6,4.1,0.39,0.7,2.3,0.302,0.6,0.7,0.865
T.J. McConnell,IND,25,23.8,8.1,4.8,0.8,2.6,3.4,1.0,0.4,1.1,1.8,-2.4,1,0,3.6,7.4,0.492,0.3,1.0,0.269,0.6,0.7,0.824
Tacko Fall,CLE,11,5.3,1.1,0.2,0.6,1.5,2.1,0.0,0.5,0.3,0.3,0.5,0,0,0.5,1.1,0.417,0.0,0.0,0.0,0.2,0.6,0.286
Taj Gibson,NYK,50,18.1,4.3,0.6,1.7,2.7,4.4,0.4,0.8,0.5,2.7,1.1,0,0,1.6,3.1,0.522,0.3,0.7,0.405,0.8,1.0,0.792
Talen Horton-Tucker,LAL,57,25.0,9.3,2.6,0.6,2.6,3.2,0.9,0.5,1.4,2.5,-1.8,1,0,3.5,8.5,0.416,0.8,3.0,0.272,1.4,1.8,0.781
Taurean Prince,MIN,68,17.2,7.4,1.0,0.4,2.2,2.5,0.7,0.3,0.8,1.6,0.1,0,0,2.6,5.7,0.457,1.3,3.3,0.381,0.9,1.2,0.756
Terance Mann,LAC,79,28.8,10.8,2.6,1.3,4.0,5.3,0.7,0.2,1.1,2.2,0.5,6,0,4.2,8.6,0.485,0.9,2.6,0.365,1.6,2.1,0.779
Terence Davis,SAC,30,17.9,10.4,1.3,0.4,2.8,3.1,0.8,0.4,1.1,2.3,2.0,0,0,3.8,8.9,0.423,1.6,5.0,0.329,1.2,1.5,0.818
Terrence Ross,ORL,63,23.0,10.0,1.8,0.3,2.2,2.6,0.4,0.2,1.2,1.1,-5.5,0,0,3.5,8.8,0.397,1.2,4.2,0.292,1.8,2.1,0.862
Terry Rozier,CHA,71,33.8,19.3,4.4,0.8,3.5,4.3,1.3,0.4,1.3,1.6,0.7,3,1,7.1,16.0,0.441,3.0,8.1,0.374,2.1,2.5,0.852
Terry Taylor,IND,31,21.3,9.6,1.2,2.8,2.4,5.2,0.4,0.3,0.7,1.8,-3.1,2,0,4.1,6.5,0.626,0.4,1.1,0.343,1.0,1.5,0.696
Thaddeus Young,TOR,49,15.7,6.1,1.9,1.6,2.4,4.0,1.0,0.3,1.0,1.4,-0.8,0,0,2.7,5.1,0.522,0.3,0.8,0.375,0.4,0.9,0.444
Thanasis Antetokounmpo,MIL,46,9.3,3.0,0.4,0.9,1.2,2.1,0.3,0.2,0.5,1.4,-2.4,0,0,1.3,2.4,0.523,0.0,0.2,0.091,0.5,0.8,0.583
Theo Maledon,OKC,51,17.8,7.1,2.2,0.4,2.2,2.6,0.6,0.2,1.3,1.3,-3.9,1,0,2.3,6.2,0.375,0.9,2.9,0.293,1.5,2.0,0.79
Theo Pinson,DAL,17,7.2,1.8,0.8,0.1,1.1,1.1,0.2,0.1,0.1,0.5,-2.9,0,0,0.5,1.9,0.281,0.4,1.5,0.24,0.4,0.4,1.0
Thomas Bryant,WAS,26,15.9,7.7,0.9,1.0,2.8,3.8,0.2,0.7,0.7,1.6,-2.9,0,0,3.0,5.5,0.535,0.5,1.5,0.3,1.3,1.5,0.875
Tim Frazier,CLE,12,17.3,3.3,2.8,0.4,1.2,1.6,0.3,0.1,1.3,2.3,-6.7,0,0,1.2,3.8,0.311,0.5,1.4,0.353,0.4,0.8,0.556
Tim Hardaway Jr.,DAL,42,29.6,14.2,2.2,0.3,3.4,3.7,0.9,0.1,0.8,1.8,0.9,0,0,5.0,12.6,0.394,2.4,7.2,0.336,1.9,2.5,0.757
Timothe Luwawu-Cabarrot,ATL,50,13.3,4.5,0.8,0.3,1.3,1.6,0.4,0.1,0.4,1.5,-1.0,0,0,1.5,3.7,0.404,0.9,2.4,0.37,0.7,0.8,0.854
Tobias Harris,PHI,70,35.0,17.5,3.5,1.1,5.8,6.9,0.6,0.6,1.6,2.2,2.2,9,1,6.8,14.2,0.483,1.4,3.8,0.367,2.4,2.9,0.841
Tomas Satoransky,WAS,53,16.3,3.6,3.2,0.5,1.8,2.2,0.5,0.1,0.8,1.3,-2.9,1,0,1.3,3.4,0.374,0.2,0.9,0.2,0.8,1.0,0.796
Tony Bradley,CHI,54,9.9,2.8,0.5,1.1,2.2,3.3,0.2,0.6,0.6,1.1,1.2,0,0,1.2,2.1,0.583,0.0,0.0,0.0,0.3,0.5,0.667
Tony Snell,NOP,50,15.6,3.3,0.5,0.3,1.7,2.0,0.3,0.2,0.4,1.3,-2.2,0,0,1.2,3.1,0.394,0.8,2.4,0.353,0.1,0.1,1.0
Torrey Craig,PHX,76,20.5,6.6,1.1,1.1,2.9,4.0,0.6,0.4,0.9,2.0,-2.2,3,0,2.6,5.6,0.455,1.0,2.9,0.329,0.5,0.7,0.75
Trae Young,ATL,74,34.9,28.3,9.7,0.6,3.1,3.7,1.0,0.1,3.9,1.7,2.2,41,0,9.3,20.3,0.459,3.1,8.0,0.382,6.6,7.3,0.902
Trayvon Palmer,DET,1,16.8,0.0,0.0,0.0,2.0,2.0,0.0,0.0,1.0,2.0,-12.0,0,0,0.0,1.0,0.0,0.0,0.0,0.0,0.0,0.0,0.0
Tre Jones,SAS,66,16.1,5.6,3.2,0.4,1.8,2.2,0.6,0.1,0.6,1.1,0.0,3,0,2.3,4.7,0.492,0.1,0.7,0.159,1.0,1.2,0.788
Tre Mann,OKC,60,22.8,10.4,1.5,0.4,2.4,2.9,0.8,0.2,1.2,1.7,-4.6,0,0,3.9,9.8,0.393,1.6,4.5,0.36,1.1,1.4,0.793
Tremont Waters,WAS,3,16.8,3.3,2.3,0.0,1.3,1.3,1.7,0.0,1.3,1.3,-6.3,0,0,1.3,4.7,0.286,0.7,3.0,0.222,0.0,0.0,0.0
Trendon Watford,POR,48,18.1,7.6,1.7,1.2,3.0,4.1,0.5,0.6,0.9,2.4,-7.3,2,0,3.0,5.6,0.532,0.2,0.8,0.237,1.5,2.0,0.755
Trent Forrest,UTA,60,12.8,3.3,1.8,0.4,1.3,1.7,0.5,0.1,0.8,0.7,1.3,0,0,1.3,2.6,0.49,0.1,0.5,0.185,0.6,0.8,0.792
Trevelin Queen,HOU,10,7.4,4.3,0.4,0.7,0.9,1.6,0.5,0.1,0.7,0.6,0.8,0,0,1.5,3.3,0.455,0.9,2.4,0.375,0.4,0.4,1.0
Trevon Scott,CLE,2,5.7,3.0,0.0,0.5,0.5,1.0,0.5,0.5,0.0,1.0,2.0,0,0,1.5,3.0,0.5,0.0,0.5,0.0,0.0,0.0,0.0
Trevor Ariza,LAL,24,19.3,4.0,1.1,0.4,3.0,3.4,0.5,0.3,0.5,0.8,-2.3,0,0,1.4,4.1,0.333,0.8,3.1,0.27,0.4,0.8,0.556
Trey Burke,DAL,40,10.5,5.2,1.3,0.1,0.7,0.8,0.3,0.0,0.7,0.9,-0.5,0,0,2.0,5.2,0.393,0.6,2.0,0.313,0.5,0.6,0.87
Trey Lyles,SAC,73,20.5,10.4,1.2,1.2,3.8,5.0,0.4,0.4,1.0,1.7,-3.1,3,0,3.5,7.4,0.465,0.9,2.8,0.322,2.6,3.3,0.807
Trey Murphy III,NOP,59,13.6,5.1,0.6,0.7,1.6,2.3,0.3,0.1,0.2,1.0,-0.1,0,0,1.7,4.2,0.394,1.1,2.9,0.38,0.6,0.7,0.864
Tristan Thompson,CHI,55,15.8,5.9,0.6,2.1,3.0,5.1,0.4,0.4,0.8,1.7,-1.3,1,0,2.4,4.7,0.523,0.0,0.1,0.333,1.1,2.0,0.523
Troy Brown Jr.,CHI,64,15.6,4.1,0.9,0.6,2.3,2.9,0.5,0.1,0.4,1.0,-1.1,0,0,1.5,3.8,0.413,0.7,1.9,0.35,0.3,0.4,0.76
Ty Jerome,OKC,48,16.7,7.1,2.3,0.4,1.2,1.6,0.6,0.1,0.8,1.5,-0.1,0,0,2.6,6.8,0.378,1.1,3.9,0.29,0.8,1.0,0.809
Tyler Cook,CHI,19,10.3,3.4,0.2,0.8,1.9,2.7,0.2,0.2,0.4,1.4,-1.6,0,0,1.2,1.9,0.611,0.0,0.0,0.0,1.1,1.6,0.645
Tyler Hall,NYK,1,1.9,0.0,0.0,0.0,0.0,0.0,0.0,0.0,0.0,0.0,-5.0,0,0,0.0,0.0,0.0,0.0,0.0,0.0,0.0,0.0,0.0
Tyler Herro,MIA,65,32.6,20.8,3.9,0.5,4.5,5.0,0.7,0.1,2.7,1.4,3.6,3,0,7.6,17.1,0.446,2.7,6.7,0.398,2.9,3.3,0.866
Tyler Johnson,SAS,6,15.2,2.8,1.2,0.5,1.5,2.0,0.5,0.5,0.3,1.2,-1.0,0,0,1.0,3.3,0.3,0.8,2.2,0.385,0.0,0.0,0.0
Tyrell Terry,MEM,2,1.5,1.0,0.0,0.0,0.0,0.0,0.0,0.0,0.0,0.5,-1.0,0,0,0.5,0.5,1.0,0.0,0.0,0.0,0.0,0.0,0.0
Tyrese Haliburton,IND,75,34.9,15.3,8.1,0.8,3.3,4.1,1.7,0.6,2.6,1.6,-4.2,24,0,5.5,11.8,0.47,2.1,5.1,0.415,2.1,2.4,0.842
Tyrese Maxey,PHI,72,35.5,17.3,4.3,0.4,2.9,3.3,0.7,0.4,1.2,2.1,2.7,1,0,6.4,13.3,0.482,1.8,4.1,0.429,2.8,3.2,0.862
Tyrone Wallace,NOP,6,12.5,2.8,0.2,0.0,1.3,1.3,0.5,0.2,0.3,1.2,-3.0,0,0,1.2,3.3,0.35,0.3,1.3,0.25,0.2,0.8,0.2
Tyus Jones,MEM,71,21.3,8.8,4.4,0.2,2.2,2.5,0.9,0.0,0.6,0.5,3.4,2,0,3.5,7.6,0.455,1.1,2.8,0.393,0.8,0.9,0.818
Udoka Azubuike,UTA,17,11.5,4.7,0.0,1.1,3.1,4.2,0.1,0.6,0.7,1.5,0.2,1,0,2.2,2.9,0.755,0.0,0.0,0.0,0.4,0.6,0.545
Udonis Haslem,MIA,12,5.2,2.5,0.3,0.3,1.3,1.6,0.1,0.1,0.3,0.9,0.7,0,0,1.1,2.2,0.5,0.1,0.3,0.333,0.3,0.3,1.0
Usman Garuba,HOU,22,9.6,2.0,0.6,0.9,2.4,3.3,0.4,0.5,0.3,1.0,1.5,0,0,0.8,1.8,0.425,0.2,0.8,0.235,0.2,0.3,0.714
Vernon Carey Jr.,WAS,5,3.6,1.6,0.0,0.6,0.4,1.0,0.2,0.0,0.2,0.2,-4.4,0,0,0.6,1.2,0.5,0.0,0.0,0.0,0.4,0.6,0.667
Victor Oladipo,MIA,7,19.7,8.4,3.0,0.3,1.6,1.9,0.4,0.1,1.7,1.6,-0.1,0,0,3.1,7.3,0.431,1.4,3.6,0.4,0.7,1.1,0.625
Vit Krejci,OKC,28,21.7,5.9,1.9,0.5,2.6,3.2,0.6,0.3,0.9,2.0,-3.8,1,0,2.1,5.1,0.413,1.1,3.1,0.345,0.6,0.7,0.85
Vlatko Cancar,DEN,14,10.9,4.3,0.9,0.4,1.2,1.6,0.1,0.2,0.6,0.9,1.0,0,0,1.6,2.8,0.564,0.5,0.9,0.583,0.6,0.9,0.75
Wayne Ellington,LAL,40,18.5,6.3,0.7,0.3,1.5,1.7,0.6,0.1,0.4,1.0,-1.3,0,0,2.2,5.3,0.408,1.9,4.8,0.393,0.1,0.1,0.8
Wayne Selden,NYK,3,6.4,1.7,0.3,0.0,0.3,0.3,0.0,0.0,0.0,0.3,-4.3,0,0,0.3,1.3,0.25,0.3,0.7,0.5,0.7,1.3,0.5
Wendell Carter Jr.,ORL,62,29.9,15.0,2.8,2.2,8.2,10.5,0.6,0.7,1.9,2.7,-2.2,33,0,5.8,11.0,0.525,1.1,3.5,0.327,2.3,3.3,0.691
Wenyen Gabriel,LAL,23,12.0,4.6,0.4,1.4,2.0,3.3,0.2,0.3,0.5,2.4,0.7,0,0,1.7,3.8,0.46,0.3,1.1,0.269,0.8,1.3,0.581
Wes Iwundu,ATL,3,27.4,7.3,0.0,1.0,3.3,4.3,0.3,0.0,0.3,2.7,0.0,0,0,2.7,6.0,0.444,1.0,1.7,0.6,1.0,1.3,0.75
Wesley Matthews,MIL,47,20.3,5.0,0.7,0.6,1.3,1.9,0.5,0.1,0.4,1.7,2.3,0,0,1.7,4.5,0.386,1.1,3.2,0.342,0.4,0.5,0.76
Will Barton,DEN,70,32.1,14.7,3.9,0.6,4.2,4.8,0.8,0.4,1.8,1.6,1.3,1,0,5.5,12.6,0.437,2.2,6.1,0.366,1.4,1.8,0.797
Willie Cauley-Stein,PHI,20,9.1,1.7,0.5,0.7,1.4,2.0,0.3,0.2,0.4,1.0,1.2,0,0,0.8,1.8,0.457,0.1,0.1,0.5,0.1,0.1,0.5
Willy Hernangomez,NOP,47,16.2,8.8,1.2,2.8,3.7,6.5,0.4,0.4,1.0,1.9,-0.9,7,0,3.3,6.3,0.529,0.1,0.2,0.364,2.0,2.7,0.76
Xavier Moon,LAC,9,12.4,4.6,1.9,0.2,1.0,1.2,0.7,0.2,0.4,0.9,-2.8,0,0,1.9,4.4,0.425,0.4,1.2,0.364,0.3,0.6,0.6
Xavier Sneed,UTA,8,4.4,0.6,0.0,0.1,0.4,0.5,0.0,0.0,0.0,0.3,-1.3,0,0,0.3,1.3,0.2,0.1,1.0,0.125,0.0,0.0,0.0
Xavier Tillman,MEM,50,13.0,4.8,1.1,1.3,1.9,3.1,0.9,0.3,0.6,1.2,-0.1,0,0,1.9,4.0,0.463,0.2,0.9,0.209,0.9,1.3,0.657
Yuta Watanabe,TOR,36,11.7,4.3,0.5,0.5,1.9,2.4,0.2,0.4,0.5,1.1,-1.4,2,0,1.5,3.6,0.412,0.8,2.1,0.36,0.6,1.0,0.568
Yves Pons,MEM,9,3.6,0.6,0.0,0.3,0.3,0.7,0.0,0.0,0.0,0.2,-1.1,0,0,0.2,0.6,0.4,0.1,0.2,0.5,0.0,0.2,0.0
Zach Collins,SAS,25,18.0,7.6,2.2,1.8,3.6,5.5,0.4,0.7,1.6,2.4,1.4,1,0,2.7,5.6,0.479,0.5,1.5,0.324,1.8,2.2,0.786
Zach LaVine,CHI,66,34.8,24.4,4.5,0.3,4.3,4.6,0.6,0.3,2.6,1.8,-0.1,0,0,8.4,17.7,0.475,2.8,7.1,0.389,4.8,5.6,0.852
Zavier Simpson,OKC,2,41.1,7.0,8.0,0.5,2.5,3.0,2.0,1.0,3.0,3.0,-12.0,0,0,3.5,11.0,0.318,0.0,1.0,0.0,0.0,0.0,0.0
Zeke Nnaji,DEN,40,16.8,6.6,0.4,1.4,2.3,3.6,0.4,0.3,0.6,1.9,-0.8,0,0,2.4,4.4,0.537,0.9,1.9,0.487,1.0,1.6,0.613
Ziaire Williams,MEM,59,21.7,7.7,1.0,0.4,1.6,2.0,0.6,0.2,0.7,1.8,2.4,0,0,2.9,6.5,0.451,1.1,3.7,0.301,0.6,0.8,0.792
Zylan Cheatham,UTA,1,5.2,0.0,0.0,0.0,0.0,0.0,0.0,0.0,0.0,0.0,-13.0,0,0,0.0,3.0,0.0,0.0,2.0,0.0,0.0,0.0,0.0
